time,(V)
0.000000,3.575610E-1
0.005000,3.650940E-1
0.010000,3.550500E-1
0.015000,3.575610E-1
0.020000,3.575610E-1
0.025000,3.500280E-1
0.030000,3.575610E-1
0.035000,3.625830E-1
0.040000,3.500280E-1
0.045000,3.650940E-1
0.050000,3.525390E-1
0.055000,3.600720E-1
0.060000,3.650940E-1
0.065000,3.500280E-1
0.070000,3.600720E-1
0.075000,3.650940E-1
0.080000,3.525390E-1
0.085000,3.600720E-1
0.090000,3.575610E-1
0.095000,3.500280E-1
0.100000,3.650940E-1
0.105000,3.600720E-1
0.110000,3.600720E-1
0.115000,3.600720E-1
0.120000,3.575610E-1
0.125000,3.600720E-1
0.130000,3.550500E-1
0.135000,3.575610E-1
0.140000,3.625830E-1
0.145000,3.525390E-1
0.150000,3.650940E-1
0.155000,3.525390E-1
0.160000,3.600720E-1
0.165000,3.625830E-1
0.170000,3.500280E-1
0.175000,3.650940E-1
0.180000,3.575610E-1
0.185000,3.550500E-1
0.190000,3.575610E-1
0.195000,3.575610E-1
0.200000,3.600720E-1
0.205000,3.575610E-1
0.210000,3.575610E-1
0.215000,3.575610E-1
0.220000,3.625830E-1
0.225000,3.525390E-1
0.230000,3.575610E-1
0.235000,3.575610E-1
0.240000,3.525390E-1
0.245000,3.625830E-1
0.250000,3.575610E-1
0.255000,3.575610E-1
0.260000,3.625830E-1
0.265000,3.525390E-1
0.270000,3.650940E-1
0.275000,3.575610E-1
0.280000,3.575610E-1
0.285000,3.550500E-1
0.290000,3.600720E-1
0.295000,3.575610E-1
0.300000,3.575610E-1
0.305000,3.600720E-1
0.310000,3.575610E-1
0.315000,3.625830E-1
0.320000,3.525390E-1
0.325000,3.625830E-1
0.330000,3.500280E-1
0.335000,3.575610E-1
0.340000,3.600720E-1
0.345000,3.600720E-1
0.350000,3.600720E-1
0.355000,3.600720E-1
0.360000,3.600720E-1
0.365000,3.550500E-1
0.370000,3.650940E-1
0.375000,3.575610E-1
0.380000,3.575610E-1
0.385000,3.650940E-1
0.390000,3.550500E-1
0.395000,3.676050E-1
0.400000,3.600720E-1
0.405000,3.575610E-1
0.410000,3.625830E-1
0.415000,3.550500E-1
0.420000,3.625830E-1
0.425000,3.550500E-1
0.430000,3.625830E-1
0.435000,3.550500E-1
0.440000,3.650940E-1
0.445000,3.575610E-1
0.450000,3.676050E-1
0.455000,3.550500E-1
0.460000,3.625830E-1
0.465000,3.600720E-1
0.470000,3.575610E-1
0.475000,3.625830E-1
0.480000,3.600720E-1
0.485000,3.600720E-1
0.490000,3.600720E-1
0.495000,3.600720E-1
0.500000,3.676050E-1
0.505000,3.625830E-1
0.510000,3.600720E-1
0.515000,3.650940E-1
0.520000,3.600720E-1
0.525000,3.575610E-1
0.530000,3.625830E-1
0.535000,3.600720E-1
0.540000,3.575610E-1
0.545000,3.650940E-1
0.550000,3.575610E-1
0.555000,3.600720E-1
0.560000,3.600720E-1
0.565000,3.550500E-1
0.570000,3.650940E-1
0.575000,3.600720E-1
0.580000,3.600720E-1
0.585000,3.600720E-1
0.590000,3.600720E-1
0.595000,3.600720E-1
0.600000,3.600720E-1
0.605000,3.650940E-1
0.610000,3.525390E-1
0.615000,3.600720E-1
0.620000,3.600720E-1
0.625000,3.625830E-1
0.630000,3.676050E-1
0.635000,3.550500E-1
0.640000,3.650940E-1
0.645000,3.600720E-1
0.650000,3.600720E-1
0.655000,3.650940E-1
0.660000,3.550500E-1
0.665000,3.625830E-1
0.670000,3.600720E-1
0.675000,3.550500E-1
0.680000,3.650940E-1
0.685000,3.575610E-1
0.690000,3.600720E-1
0.695000,3.650940E-1
0.700000,3.550500E-1
0.705000,3.600720E-1
0.710000,3.650940E-1
0.715000,3.525390E-1
0.720000,3.625830E-1
0.725000,3.575610E-1
0.730000,3.525390E-1
0.735000,3.676050E-1
0.740000,3.575610E-1
0.745000,3.525390E-1
0.750000,3.676050E-1
0.755000,3.525390E-1
0.760000,3.600720E-1
0.765000,3.676050E-1
0.770000,3.550500E-1
0.775000,3.600720E-1
0.780000,3.600720E-1
0.785000,3.575610E-1
0.790000,3.676050E-1
0.795000,3.550500E-1
0.800000,3.600720E-1
0.805000,3.650940E-1
0.810000,3.550500E-1
0.815000,3.575610E-1
0.820000,3.650940E-1
0.825000,3.550500E-1
0.830000,3.600720E-1
0.835000,3.676050E-1
0.840000,3.575610E-1
0.845000,3.575610E-1
0.850000,3.650940E-1
0.855000,3.600720E-1
0.860000,3.550500E-1
0.865000,3.676050E-1
0.870000,3.550500E-1
0.875000,3.600720E-1
0.880000,3.650940E-1
0.885000,3.525390E-1
0.890000,3.600720E-1
0.895000,3.676050E-1
0.900000,3.600720E-1
0.905000,3.550500E-1
0.910000,3.650940E-1
0.915000,3.550500E-1
0.920000,3.600720E-1
0.925000,3.600720E-1
0.930000,3.550500E-1
0.935000,3.600720E-1
0.940000,3.600720E-1
0.945000,3.550500E-1
0.950000,3.600720E-1
0.955000,3.600720E-1
0.960000,3.550500E-1
0.965000,3.676050E-1
0.970000,3.550500E-1
0.975000,3.600720E-1
0.980000,3.600720E-1
0.985000,3.550500E-1
0.990000,3.625830E-1
0.995000,3.676050E-1
1.000000,3.600720E-1
1.005000,3.600720E-1
1.010000,3.550500E-1
1.015000,3.650940E-1
1.020000,3.600720E-1
1.025000,3.550500E-1
1.030000,3.600720E-1
1.035000,3.600720E-1
1.040000,3.676050E-1
1.045000,3.600720E-1
1.050000,3.575610E-1
1.055000,3.550500E-1
1.060000,3.676050E-1
1.065000,3.600720E-1
1.070000,3.625830E-1
1.075000,3.676050E-1
1.080000,3.550500E-1
1.085000,3.575610E-1
1.090000,3.575610E-1
1.095000,3.575610E-1
1.100000,3.575610E-1
1.105000,3.575610E-1
1.110000,3.676050E-1
1.115000,3.550500E-1
1.120000,3.676050E-1
1.125000,3.600720E-1
1.130000,3.550500E-1
1.135000,3.676050E-1
1.140000,3.600720E-1
1.145000,3.600720E-1
1.150000,3.676050E-1
1.155000,3.550500E-1
1.160000,3.625830E-1
1.165000,3.650940E-1
1.170000,3.550500E-1
1.175000,3.600720E-1
1.180000,3.600720E-1
1.185000,3.650940E-1
1.190000,3.600720E-1
1.195000,3.550500E-1
1.200000,3.650940E-1
1.205000,3.600720E-1
1.210000,3.550500E-1
1.215000,3.676050E-1
1.220000,3.600720E-1
1.225000,3.600720E-1
1.230000,3.625830E-1
1.235000,3.550500E-1
1.240000,3.600720E-1
1.245000,3.600720E-1
1.250000,3.550500E-1
1.255000,3.600720E-1
1.260000,3.600720E-1
1.265000,3.550500E-1
1.270000,3.600720E-1
1.275000,3.600720E-1
1.280000,3.575610E-1
1.285000,3.650940E-1
1.290000,3.550500E-1
1.295000,3.600720E-1
1.300000,3.650940E-1
1.305000,3.600720E-1
1.310000,3.550500E-1
1.315000,3.600720E-1
1.320000,3.625830E-1
1.325000,3.600720E-1
1.330000,3.575610E-1
1.335000,3.650940E-1
1.340000,3.550500E-1
1.345000,3.676050E-1
1.350000,3.600720E-1
1.355000,3.600720E-1
1.360000,3.676050E-1
1.365000,3.600720E-1
1.370000,3.550500E-1
1.375000,3.600720E-1
1.380000,3.676050E-1
1.385000,3.575610E-1
1.390000,3.625830E-1
1.395000,3.650940E-1
1.400000,3.600720E-1
1.405000,3.550500E-1
1.410000,3.600720E-1
1.415000,3.600720E-1
1.420000,3.550500E-1
1.425000,3.650940E-1
1.430000,3.600720E-1
1.435000,3.575610E-1
1.440000,3.575610E-1
1.445000,3.600720E-1
1.450000,3.550500E-1
1.455000,3.600720E-1
1.460000,3.625830E-1
1.465000,3.625830E-1
1.470000,3.550500E-1
1.475000,3.676050E-1
1.480000,3.600720E-1
1.485000,3.550500E-1
1.490000,3.525390E-1
1.495000,3.676050E-1
1.500000,3.550500E-1
1.505000,3.676050E-1
1.510000,3.550500E-1
1.515000,3.600720E-1
1.520000,3.575610E-1
1.525000,3.550500E-1
1.530000,3.600720E-1
1.535000,3.600720E-1
1.540000,3.550500E-1
1.545000,3.650940E-1
1.550000,3.600720E-1
1.555000,3.600720E-1
1.560000,3.575610E-1
1.565000,3.600720E-1
1.570000,3.600720E-1
1.575000,3.600720E-1
1.580000,3.600720E-1
1.585000,3.550500E-1
1.590000,3.676050E-1
1.595000,3.600720E-1
1.600000,3.550500E-1
1.605000,3.650940E-1
1.610000,3.600720E-1
1.615000,3.575610E-1
1.620000,3.575610E-1
1.625000,3.650940E-1
1.630000,3.676050E-1
1.635000,3.600720E-1
1.640000,3.550500E-1
1.645000,3.625830E-1
1.650000,3.676050E-1
1.655000,3.676050E-1
1.660000,3.600720E-1
1.665000,3.600720E-1
1.670000,3.550500E-1
1.675000,3.600720E-1
1.680000,3.676050E-1
1.685000,3.650940E-1
1.690000,3.575610E-1
1.695000,3.575610E-1
1.700000,3.575610E-1
1.705000,3.676050E-1
1.710000,3.676050E-1
1.715000,3.575610E-1
1.720000,3.550500E-1
1.725000,3.676050E-1
1.730000,3.600720E-1
1.735000,3.550500E-1
1.740000,3.600720E-1
1.745000,3.600720E-1
1.750000,3.550500E-1
1.755000,3.575610E-1
1.760000,3.625830E-1
1.765000,3.600720E-1
1.770000,3.525390E-1
1.775000,3.625830E-1
1.780000,3.550500E-1
1.785000,3.600720E-1
1.790000,3.650940E-1
1.795000,3.600720E-1
1.800000,3.600720E-1
1.805000,3.625830E-1
1.810000,3.550500E-1
1.815000,3.600720E-1
1.820000,3.650940E-1
1.825000,3.600720E-1
1.830000,3.550500E-1
1.835000,3.676050E-1
1.840000,3.575610E-1
1.845000,3.600720E-1
1.850000,3.550500E-1
1.855000,3.600720E-1
1.860000,3.650940E-1
1.865000,3.550500E-1
1.870000,3.625830E-1
1.875000,3.600720E-1
1.880000,3.550500E-1
1.885000,3.600720E-1
1.890000,3.676050E-1
1.895000,3.550500E-1
1.900000,3.600720E-1
1.905000,3.650940E-1
1.910000,3.650940E-1
1.915000,3.600720E-1
1.920000,3.600720E-1
1.925000,3.676050E-1
1.930000,3.550500E-1
1.935000,3.600720E-1
1.940000,3.600720E-1
1.945000,3.525390E-1
1.950000,3.575610E-1
1.955000,3.600720E-1
1.960000,3.550500E-1
1.965000,3.600720E-1
1.970000,3.600720E-1
1.975000,3.600720E-1
1.980000,3.600720E-1
1.985000,3.550500E-1
1.990000,3.676050E-1
1.995000,3.550500E-1
2.000000,3.650940E-1
2.005000,3.550500E-1
2.010000,3.650940E-1
2.015000,3.600720E-1
2.020000,3.550500E-1
2.025000,3.600720E-1
2.030000,3.676050E-1
2.035000,3.550500E-1
2.040000,3.600720E-1
2.045000,3.650940E-1
2.050000,3.600720E-1
2.055000,3.575610E-1
2.060000,3.676050E-1
2.065000,3.575610E-1
2.070000,3.600720E-1
2.075000,3.550500E-1
2.080000,3.676050E-1
2.085000,3.600720E-1
2.090000,3.575610E-1
2.095000,3.550500E-1
2.100000,3.600720E-1
2.105000,3.676050E-1
2.110000,3.600720E-1
2.115000,3.550500E-1
2.120000,3.550500E-1
2.125000,3.600720E-1
2.130000,3.650940E-1
2.135000,3.600720E-1
2.140000,3.550500E-1
2.145000,3.650940E-1
2.150000,3.676050E-1
2.155000,3.600720E-1
2.160000,3.575610E-1
2.165000,3.676050E-1
2.170000,3.525390E-1
2.175000,3.600720E-1
2.180000,3.575610E-1
2.185000,3.550500E-1
2.190000,3.600720E-1
2.195000,3.676050E-1
2.200000,3.550500E-1
2.205000,3.600720E-1
2.210000,3.600720E-1
2.215000,3.575610E-1
2.220000,3.650940E-1
2.225000,3.600720E-1
2.230000,3.600720E-1
2.235000,3.676050E-1
2.240000,3.550500E-1
2.245000,3.600720E-1
2.250000,3.650940E-1
2.255000,3.575610E-1
2.260000,3.550500E-1
2.265000,3.676050E-1
2.270000,3.600720E-1
2.275000,3.550500E-1
2.280000,3.575610E-1
2.285000,3.600720E-1
2.290000,3.625830E-1
2.295000,3.600720E-1
2.300000,3.550500E-1
2.305000,3.676050E-1
2.310000,3.600720E-1
2.315000,3.600720E-1
2.320000,3.676050E-1
2.325000,3.550500E-1
2.330000,3.600720E-1
2.335000,3.625830E-1
2.340000,3.600720E-1
2.345000,3.600720E-1
2.350000,3.600720E-1
2.355000,3.600720E-1
2.360000,3.600720E-1
2.365000,3.600720E-1
2.370000,3.600720E-1
2.375000,3.600720E-1
2.380000,3.600720E-1
2.385000,3.600720E-1
2.390000,3.600720E-1
2.395000,3.600720E-1
2.400000,3.550500E-1
2.405000,3.650940E-1
2.410000,3.600720E-1
2.415000,3.600720E-1
2.420000,3.600720E-1
2.425000,3.600720E-1
2.430000,3.600720E-1
2.435000,3.600720E-1
2.440000,3.676050E-1
2.445000,3.575610E-1
2.450000,3.600720E-1
2.455000,3.600720E-1
2.460000,3.600720E-1
2.465000,3.550500E-1
2.470000,3.650940E-1
2.475000,3.550500E-1
2.480000,3.600720E-1
2.485000,3.600720E-1
2.490000,3.575610E-1
2.495000,3.676050E-1
2.500000,3.600720E-1
2.505000,3.575610E-1
2.510000,3.676050E-1
2.515000,3.600720E-1
2.520000,3.575610E-1
2.525000,3.600720E-1
2.530000,3.600720E-1
2.535000,3.600720E-1
2.540000,3.676050E-1
2.545000,3.600720E-1
2.550000,3.550500E-1
2.555000,3.650940E-1
2.560000,3.600720E-1
2.565000,3.600720E-1
2.570000,3.650940E-1
2.575000,3.550500E-1
2.580000,3.676050E-1
2.585000,3.550500E-1
2.590000,3.676050E-1
2.595000,3.550500E-1
2.600000,3.575610E-1
2.605000,3.600720E-1
2.610000,3.550500E-1
2.615000,3.650940E-1
2.620000,3.550500E-1
2.625000,3.600720E-1
2.630000,3.600720E-1
2.635000,3.600720E-1
2.640000,3.625830E-1
2.645000,3.600720E-1
2.650000,3.625830E-1
2.655000,3.600720E-1
2.660000,3.600720E-1
2.665000,3.600720E-1
2.670000,3.676050E-1
2.675000,3.550500E-1
2.680000,3.676050E-1
2.685000,3.550500E-1
2.690000,3.676050E-1
2.695000,3.550500E-1
2.700000,3.650940E-1
2.705000,3.550500E-1
2.710000,3.600720E-1
2.715000,3.550500E-1
2.720000,3.650940E-1
2.725000,3.625830E-1
2.730000,3.575610E-1
2.735000,3.600720E-1
2.740000,3.550500E-1
2.745000,3.676050E-1
2.750000,3.550500E-1
2.755000,3.600720E-1
2.760000,3.676050E-1
2.765000,3.550500E-1
2.770000,3.575610E-1
2.775000,3.600720E-1
2.780000,3.575610E-1
2.785000,3.650940E-1
2.790000,3.676050E-1
2.795000,3.600720E-1
2.800000,3.600720E-1
2.805000,3.550500E-1
2.810000,3.600720E-1
2.815000,3.600720E-1
2.820000,3.600720E-1
2.825000,3.676050E-1
2.830000,3.525390E-1
2.835000,3.676050E-1
2.840000,3.600720E-1
2.845000,3.600720E-1
2.850000,3.600720E-1
2.855000,3.600720E-1
2.860000,3.550500E-1
2.865000,3.625830E-1
2.870000,3.575610E-1
2.875000,3.575610E-1
2.880000,3.676050E-1
2.885000,3.525390E-1
2.890000,3.600720E-1
2.895000,3.600720E-1
2.900000,3.550500E-1
2.905000,3.650940E-1
2.910000,3.550500E-1
2.915000,3.600720E-1
2.920000,3.575610E-1
2.925000,3.550500E-1
2.930000,3.676050E-1
2.935000,3.600720E-1
2.940000,3.600720E-1
2.945000,3.600720E-1
2.950000,3.600720E-1
2.955000,3.676050E-1
2.960000,3.575610E-1
2.965000,3.676050E-1
2.970000,3.550500E-1
2.975000,3.650940E-1
2.980000,3.550500E-1
2.985000,3.600720E-1
2.990000,3.625830E-1
2.995000,3.600720E-1
3.000000,3.600720E-1
3.005000,3.575610E-1
3.010000,3.676050E-1
3.015000,3.575610E-1
3.020000,3.600720E-1
3.025000,3.650940E-1
3.030000,3.575610E-1
3.035000,3.600720E-1
3.040000,3.600720E-1
3.045000,3.600720E-1
3.050000,3.650940E-1
3.055000,3.550500E-1
3.060000,3.600720E-1
3.065000,3.600720E-1
3.070000,3.575610E-1
3.075000,3.650940E-1
3.080000,3.600720E-1
3.085000,3.600720E-1
3.090000,3.600720E-1
3.095000,3.550500E-1
3.100000,3.676050E-1
3.105000,3.550500E-1
3.110000,3.600720E-1
3.115000,3.600720E-1
3.120000,3.600720E-1
3.125000,3.650940E-1
3.130000,3.600720E-1
3.135000,3.575610E-1
3.140000,3.625830E-1
3.145000,3.676050E-1
3.150000,3.600720E-1
3.155000,3.550500E-1
3.160000,3.600720E-1
3.165000,3.676050E-1
3.170000,3.600720E-1
3.175000,3.600720E-1
3.180000,3.676050E-1
3.185000,3.550500E-1
3.190000,3.600720E-1
3.195000,3.550500E-1
3.200000,3.625830E-1
3.205000,3.600720E-1
3.210000,3.600720E-1
3.215000,3.600720E-1
3.220000,3.600720E-1
3.225000,3.600720E-1
3.230000,3.600720E-1
3.235000,3.600720E-1
3.240000,3.600720E-1
3.245000,3.600720E-1
3.250000,3.600720E-1
3.255000,3.600720E-1
3.260000,3.600720E-1
3.265000,3.600720E-1
3.270000,3.650940E-1
3.275000,3.600720E-1
3.280000,3.600720E-1
3.285000,3.550500E-1
3.290000,3.600720E-1
3.295000,3.600720E-1
3.300000,3.600720E-1
3.305000,3.600720E-1
3.310000,3.575610E-1
3.315000,3.676050E-1
3.320000,3.575610E-1
3.325000,3.676050E-1
3.330000,3.550500E-1
3.335000,3.650940E-1
3.340000,3.575610E-1
3.345000,3.676050E-1
3.350000,3.550500E-1
3.355000,3.676050E-1
3.360000,3.575610E-1
3.365000,3.600720E-1
3.370000,3.600720E-1
3.375000,3.600720E-1
3.380000,3.625830E-1
3.385000,3.600720E-1
3.390000,3.600720E-1
3.395000,3.600720E-1
3.400000,3.600720E-1
3.405000,3.600720E-1
3.410000,3.625830E-1
3.415000,3.575610E-1
3.420000,3.600720E-1
3.425000,3.600720E-1
3.430000,3.575610E-1
3.435000,3.650940E-1
3.440000,3.550500E-1
3.445000,3.625830E-1
3.450000,3.550500E-1
3.455000,3.676050E-1
3.460000,3.600720E-1
3.465000,3.600720E-1
3.470000,3.575610E-1
3.475000,3.550500E-1
3.480000,3.650940E-1
3.485000,3.550500E-1
3.490000,3.650940E-1
3.495000,3.600720E-1
3.500000,3.600720E-1
3.505000,3.676050E-1
3.510000,3.550500E-1
3.515000,3.575610E-1
3.520000,3.600720E-1
3.525000,3.625830E-1
3.530000,3.676050E-1
3.535000,3.550500E-1
3.540000,3.600720E-1
3.545000,3.575610E-1
3.550000,3.550500E-1
3.555000,3.600720E-1
3.560000,3.676050E-1
3.565000,3.575610E-1
3.570000,3.550500E-1
3.575000,3.550500E-1
3.580000,3.600720E-1
3.585000,3.676050E-1
3.590000,3.600720E-1
3.595000,3.550500E-1
3.600000,3.600720E-1
3.605000,3.650940E-1
3.610000,3.600720E-1
3.615000,3.550500E-1
3.620000,3.600720E-1
3.625000,3.676050E-1
3.630000,3.600720E-1
3.635000,3.550500E-1
3.640000,3.625830E-1
3.645000,3.676050E-1
3.650000,3.600720E-1
3.655000,3.550500E-1
3.660000,3.600720E-1
3.665000,3.676050E-1
3.670000,3.525390E-1
3.675000,3.676050E-1
3.680000,3.600720E-1
3.685000,3.550500E-1
3.690000,3.600720E-1
3.695000,3.676050E-1
3.700000,3.550500E-1
3.705000,3.600720E-1
3.710000,3.650940E-1
3.715000,3.550500E-1
3.720000,3.676050E-1
3.725000,3.575610E-1
3.730000,3.550500E-1
3.735000,3.600720E-1
3.740000,3.600720E-1
3.745000,3.550500E-1
3.750000,3.676050E-1
3.755000,3.676050E-1
3.760000,3.600720E-1
3.765000,3.550500E-1
3.770000,3.600720E-1
3.775000,3.650940E-1
3.780000,3.550500E-1
3.785000,3.600720E-1
3.790000,3.676050E-1
3.795000,3.550500E-1
3.800000,3.650940E-1
3.805000,3.525390E-1
3.810000,3.600720E-1
3.815000,3.600720E-1
3.820000,3.550500E-1
3.825000,3.676050E-1
3.830000,3.600720E-1
3.835000,3.600720E-1
3.840000,3.676050E-1
3.845000,3.600720E-1
3.850000,3.550500E-1
3.855000,3.600720E-1
3.860000,3.575610E-1
3.865000,3.550500E-1
3.870000,3.600720E-1
3.875000,3.676050E-1
3.880000,3.550500E-1
3.885000,3.600720E-1
3.890000,3.676050E-1
3.895000,3.600720E-1
3.900000,3.550500E-1
3.905000,3.676050E-1
3.910000,3.600720E-1
3.915000,3.550500E-1
3.920000,3.650940E-1
3.925000,3.550500E-1
3.930000,3.650940E-1
3.935000,3.575610E-1
3.940000,3.600720E-1
3.945000,3.676050E-1
3.950000,3.550500E-1
3.955000,3.676050E-1
3.960000,3.550500E-1
3.965000,3.676050E-1
3.970000,3.550500E-1
3.975000,3.676050E-1
3.980000,3.550500E-1
3.985000,3.600720E-1
3.990000,3.525390E-1
3.995000,3.676050E-1
4.000000,3.550500E-1
4.005000,3.600720E-1
4.010000,3.600720E-1
4.015000,3.600720E-1
4.020000,3.676050E-1
4.025000,3.550500E-1
4.030000,3.600720E-1
4.035000,3.600720E-1
4.040000,3.550500E-1
4.045000,3.650940E-1
4.050000,3.600720E-1
4.055000,3.600720E-1
4.060000,3.625830E-1
4.065000,3.575610E-1
4.070000,3.550500E-1
4.075000,3.600720E-1
4.080000,3.650940E-1
4.085000,3.676050E-1
4.090000,3.676050E-1
4.095000,3.600720E-1
4.100000,3.600720E-1
4.105000,3.550500E-1
4.110000,3.525390E-1
4.115000,3.600720E-1
4.120000,3.600720E-1
4.125000,3.676050E-1
4.130000,3.600720E-1
4.135000,4.555944E+0
4.140000,4.545900E+0
4.145000,4.555944E+0
4.150000,4.555944E+0
4.155000,4.553433E+0
4.160000,4.558455E+0
4.165000,4.553433E+0
4.170000,4.555944E+0
4.175000,4.553433E+0
4.180000,4.555944E+0
4.185000,4.553433E+0
4.190000,4.553433E+0
4.195000,4.558455E+0
4.200000,4.553433E+0
4.205000,4.553433E+0
4.210000,4.553433E+0
4.215000,4.548411E+0
4.220000,4.560966E+0
4.225000,4.548411E+0
4.230000,4.555944E+0
4.235000,4.555944E+0
4.240000,4.545900E+0
4.245000,4.553433E+0
4.250000,4.555944E+0
4.255000,4.548411E+0
4.260000,4.558455E+0
4.265000,4.545900E+0
4.270000,4.555944E+0
4.275000,4.558455E+0
4.280000,4.548411E+0
4.285000,4.553433E+0
4.290000,4.550922E+0
4.295000,4.555944E+0
4.300000,3.600720E-1
4.305000,3.600720E-1
4.310000,3.550500E-1
4.315000,3.650940E-1
4.320000,3.600720E-1
4.325000,3.600720E-1
4.330000,3.676050E-1
4.335000,3.550500E-1
4.340000,3.600720E-1
4.345000,3.650940E-1
4.350000,3.600720E-1
4.355000,3.600720E-1
4.360000,3.676050E-1
4.365000,3.600720E-1
4.370000,3.550500E-1
4.375000,3.600720E-1
4.380000,3.650940E-1
4.385000,3.600720E-1
4.390000,3.600720E-1
4.395000,3.575610E-1
4.400000,3.600720E-1
4.405000,3.650940E-1
4.410000,3.600720E-1
4.415000,3.600720E-1
4.420000,3.676050E-1
4.425000,3.600720E-1
4.430000,3.550500E-1
4.435000,3.600720E-1
4.440000,3.676050E-1
4.445000,3.550500E-1
4.450000,3.600720E-1
4.455000,3.650940E-1
4.460000,3.600720E-1
4.465000,3.550500E-1
4.470000,3.625830E-1
4.475000,3.676050E-1
4.480000,3.600720E-1
4.485000,3.600720E-1
4.490000,3.676050E-1
4.495000,3.600720E-1
4.500000,3.600720E-1
4.505000,3.676050E-1
4.510000,3.550500E-1
4.515000,3.575610E-1
4.520000,3.600720E-1
4.525000,3.550500E-1
4.530000,3.650940E-1
4.535000,3.600720E-1
4.540000,3.600720E-1
4.545000,3.600720E-1
4.550000,3.600720E-1
4.555000,3.600720E-1
4.560000,3.550500E-1
4.565000,3.676050E-1
4.570000,3.550500E-1
4.575000,3.600720E-1
4.580000,3.600720E-1
4.585000,3.600720E-1
4.590000,3.676050E-1
4.595000,3.600720E-1
4.600000,3.525390E-1
4.605000,3.650940E-1
4.610000,3.600720E-1
4.615000,3.575610E-1
4.620000,3.676050E-1
4.625000,3.600720E-1
4.630000,3.625830E-1
4.635000,3.650940E-1
4.640000,3.600720E-1
4.645000,3.550500E-1
4.650000,3.676050E-1
4.655000,3.600720E-1
4.660000,3.550500E-1
4.665000,3.676050E-1
4.670000,3.600720E-1
4.675000,3.575610E-1
4.680000,3.600720E-1
4.685000,3.676050E-1
4.690000,3.600720E-1
4.695000,3.525390E-1
4.700000,3.600720E-1
4.705000,3.676050E-1
4.710000,3.575610E-1
4.715000,3.550500E-1
4.720000,3.600720E-1
4.725000,3.676050E-1
4.730000,3.600720E-1
4.735000,3.575610E-1
4.740000,3.676050E-1
4.745000,3.625830E-1
4.750000,3.600720E-1
4.755000,3.676050E-1
4.760000,3.575610E-1
4.765000,3.600720E-1
4.770000,3.676050E-1
4.775000,3.600720E-1
4.780000,3.550500E-1
4.785000,3.600720E-1
4.790000,3.600720E-1
4.795000,3.550500E-1
4.800000,3.650940E-1
4.805000,4.555944E+0
4.810000,4.548411E+0
4.815000,4.560966E+0
4.820000,4.553433E+0
4.825000,4.548411E+0
4.830000,4.555944E+0
4.835000,4.553433E+0
4.840000,4.548411E+0
4.845000,4.553433E+0
4.850000,4.550922E+0
4.855000,4.553433E+0
4.860000,4.558455E+0
4.865000,4.545900E+0
4.870000,4.558455E+0
4.875000,4.548411E+0
4.880000,4.558455E+0
4.885000,4.545900E+0
4.890000,4.560966E+0
4.895000,4.550922E+0
4.900000,4.545900E+0
4.905000,4.558455E+0
4.910000,4.553433E+0
4.915000,4.548411E+0
4.920000,4.560966E+0
4.925000,4.553433E+0
4.930000,4.550922E+0
4.935000,4.558455E+0
4.940000,4.553433E+0
4.945000,4.550922E+0
4.950000,4.555944E+0
4.955000,4.560966E+0
4.960000,4.555944E+0
4.965000,4.545900E+0
4.970000,3.676050E-1
4.975000,3.676050E-1
4.980000,3.625830E-1
4.985000,3.550500E-1
4.990000,3.600720E-1
4.995000,3.650940E-1
5.000000,3.625830E-1
5.005000,3.575610E-1
5.010000,3.550500E-1
5.015000,3.600720E-1
5.020000,3.676050E-1
5.025000,3.676050E-1
5.030000,3.600720E-1
5.035000,3.575610E-1
5.040000,3.676050E-1
5.045000,3.600720E-1
5.050000,3.550500E-1
5.055000,3.600720E-1
5.060000,3.676050E-1
5.065000,3.625830E-1
5.070000,3.575610E-1
5.075000,3.600720E-1
5.080000,3.676050E-1
5.085000,3.600720E-1
5.090000,3.600720E-1
5.095000,3.676050E-1
5.100000,3.600720E-1
5.105000,3.550500E-1
5.110000,3.676050E-1
5.115000,3.600720E-1
5.120000,3.550500E-1
5.125000,3.600720E-1
5.130000,3.650940E-1
5.135000,3.600720E-1
5.140000,3.600720E-1
5.145000,3.676050E-1
5.150000,3.575610E-1
5.155000,3.575610E-1
5.160000,3.600720E-1
5.165000,3.625830E-1
5.170000,3.625830E-1
5.175000,3.575610E-1
5.180000,3.575610E-1
5.185000,3.650940E-1
5.190000,3.550500E-1
5.195000,3.650940E-1
5.200000,3.575610E-1
5.205000,3.600720E-1
5.210000,3.600720E-1
5.215000,3.625830E-1
5.220000,3.600720E-1
5.225000,3.600720E-1
5.230000,3.650940E-1
5.235000,3.600720E-1
5.240000,3.525390E-1
5.245000,3.600720E-1
5.250000,3.676050E-1
5.255000,3.600720E-1
5.260000,3.550500E-1
5.265000,3.676050E-1
5.270000,3.525390E-1
5.275000,3.600720E-1
5.280000,3.600720E-1
5.285000,3.600720E-1
5.290000,3.676050E-1
5.295000,3.600720E-1
5.300000,3.600720E-1
5.305000,3.676050E-1
5.310000,3.600720E-1
5.315000,3.600720E-1
5.320000,3.676050E-1
5.325000,3.550500E-1
5.330000,3.676050E-1
5.335000,3.600720E-1
5.340000,3.600720E-1
5.345000,3.676050E-1
5.350000,3.600720E-1
5.355000,3.600720E-1
5.360000,3.625830E-1
5.365000,3.550500E-1
5.370000,3.676050E-1
5.375000,3.600720E-1
5.380000,3.575610E-1
5.385000,3.600720E-1
5.390000,3.625830E-1
5.395000,3.676050E-1
5.400000,3.525390E-1
5.405000,3.625830E-1
5.410000,3.650940E-1
5.415000,3.550500E-1
5.420000,3.600720E-1
5.425000,3.575610E-1
5.430000,3.600720E-1
5.435000,3.650940E-1
5.440000,3.550500E-1
5.445000,3.600720E-1
5.450000,3.676050E-1
5.455000,3.600720E-1
5.460000,3.575610E-1
5.465000,3.650940E-1
5.470000,3.625830E-1
5.475000,3.600720E-1
5.480000,3.676050E-1
5.485000,3.600720E-1
5.490000,3.550500E-1
5.495000,3.600720E-1
5.500000,3.676050E-1
5.505000,3.550500E-1
5.510000,3.600720E-1
5.515000,3.600720E-1
5.520000,3.600720E-1
5.525000,3.676050E-1
5.530000,3.550500E-1
5.535000,3.676050E-1
5.540000,3.575610E-1
5.545000,3.676050E-1
5.550000,3.550500E-1
5.555000,3.600720E-1
5.560000,3.600720E-1
5.565000,3.625830E-1
5.570000,3.600720E-1
5.575000,3.550500E-1
5.580000,3.676050E-1
5.585000,3.550500E-1
5.590000,3.676050E-1
5.595000,3.600720E-1
5.600000,3.600720E-1
5.605000,3.676050E-1
5.610000,3.575610E-1
5.615000,3.625830E-1
5.620000,3.676050E-1
5.625000,3.600720E-1
5.630000,3.600720E-1
5.635000,3.676050E-1
5.640000,3.550500E-1
5.645000,3.650940E-1
5.650000,4.555944E+0
5.655000,4.553433E+0
5.660000,4.558455E+0
5.665000,4.548411E+0
5.670000,4.555944E+0
5.675000,4.558455E+0
5.680000,4.548411E+0
5.685000,4.550922E+0
5.690000,4.553433E+0
5.695000,4.545900E+0
5.700000,4.553433E+0
5.705000,4.553433E+0
5.710000,4.553433E+0
5.715000,4.558455E+0
5.720000,4.548411E+0
5.725000,4.555944E+0
5.730000,4.555944E+0
5.735000,4.555944E+0
5.740000,4.553433E+0
5.745000,4.558455E+0
5.750000,4.550922E+0
5.755000,4.558455E+0
5.760000,4.555944E+0
5.765000,4.553433E+0
5.770000,4.555944E+0
5.775000,4.545900E+0
5.780000,4.558455E+0
5.785000,4.553433E+0
5.790000,4.553433E+0
5.795000,4.558455E+0
5.800000,4.548411E+0
5.805000,4.558455E+0
5.810000,4.555944E+0
5.815000,3.550500E-1
5.820000,3.650940E-1
5.825000,3.550500E-1
5.830000,3.600720E-1
5.835000,3.600720E-1
5.840000,3.575610E-1
5.845000,3.650940E-1
5.850000,3.600720E-1
5.855000,3.575610E-1
5.860000,3.600720E-1
5.865000,3.550500E-1
5.870000,3.600720E-1
5.875000,3.600720E-1
5.880000,3.525390E-1
5.885000,3.600720E-1
5.890000,3.676050E-1
5.895000,3.625830E-1
5.900000,3.550500E-1
5.905000,3.650940E-1
5.910000,3.550500E-1
5.915000,3.575610E-1
5.920000,3.600720E-1
5.925000,3.550500E-1
5.930000,3.701159E-1
5.935000,3.600720E-1
5.940000,3.625830E-1
5.945000,3.650940E-1
5.950000,3.550500E-1
5.955000,3.676050E-1
5.960000,3.550500E-1
5.965000,3.676050E-1
5.970000,3.600720E-1
5.975000,3.625830E-1
5.980000,3.600720E-1
5.985000,3.550500E-1
5.990000,3.650940E-1
5.995000,3.550500E-1
6.000000,3.600720E-1
6.005000,3.600720E-1
6.010000,3.550500E-1
6.015000,3.600720E-1
6.020000,3.600720E-1
6.025000,3.575610E-1
6.030000,3.676050E-1
6.035000,3.600720E-1
6.040000,3.550500E-1
6.045000,3.676050E-1
6.050000,3.600720E-1
6.055000,3.550500E-1
6.060000,3.625830E-1
6.065000,3.600720E-1
6.070000,3.550500E-1
6.075000,3.600720E-1
6.080000,3.650940E-1
6.085000,3.550500E-1
6.090000,3.600720E-1
6.095000,3.600720E-1
6.100000,3.550500E-1
6.105000,3.650940E-1
6.110000,3.550500E-1
6.115000,3.650940E-1
6.120000,3.575610E-1
6.125000,3.650940E-1
6.130000,3.550500E-1
6.135000,3.676050E-1
6.140000,3.550500E-1
6.145000,3.625830E-1
6.150000,3.600720E-1
6.155000,3.550500E-1
6.160000,3.650940E-1
6.165000,3.550500E-1
6.170000,3.650940E-1
6.175000,3.575610E-1
6.180000,3.650940E-1
6.185000,3.600720E-1
6.190000,3.676050E-1
6.195000,3.575610E-1
6.200000,3.676050E-1
6.205000,3.600720E-1
6.210000,3.600720E-1
6.215000,3.600720E-1
6.220000,3.625830E-1
6.225000,3.600720E-1
6.230000,3.676050E-1
6.235000,3.550500E-1
6.240000,3.600720E-1
6.245000,3.600720E-1
6.250000,3.600720E-1
6.255000,3.600720E-1
6.260000,3.600720E-1
6.265000,3.600720E-1
6.270000,3.600720E-1
6.275000,3.600720E-1
6.280000,3.600720E-1
6.285000,3.625830E-1
6.290000,3.600720E-1
6.295000,3.600720E-1
6.300000,3.600720E-1
6.305000,3.600720E-1
6.310000,3.550500E-1
6.315000,3.676050E-1
6.320000,3.940750E+0
6.325000,4.553433E+0
6.330000,4.558455E+0
6.335000,4.548411E+0
6.340000,4.555944E+0
6.345000,4.555944E+0
6.350000,4.548411E+0
6.355000,4.555944E+0
6.360000,4.558455E+0
6.365000,4.553433E+0
6.370000,4.555944E+0
6.375000,4.558455E+0
6.380000,4.545900E+0
6.385000,4.555944E+0
6.390000,4.550922E+0
6.395000,4.553433E+0
6.400000,4.558455E+0
6.405000,4.553433E+0
6.410000,4.555944E+0
6.415000,4.555944E+0
6.420000,4.545900E+0
6.425000,4.553433E+0
6.430000,4.558455E+0
6.435000,4.555944E+0
6.440000,4.555944E+0
6.445000,4.555944E+0
6.450000,4.555944E+0
6.455000,4.555944E+0
6.460000,4.548411E+0
6.465000,4.558455E+0
6.470000,4.545900E+0
6.475000,4.558455E+0
6.480000,4.553433E+0
6.485000,3.625830E-1
6.490000,3.600720E-1
6.495000,3.600720E-1
6.500000,3.550500E-1
6.505000,3.676050E-1
6.510000,3.550500E-1
6.515000,3.676050E-1
6.520000,3.600720E-1
6.525000,3.600720E-1
6.530000,3.600720E-1
6.535000,3.600720E-1
6.540000,3.676050E-1
6.545000,3.550500E-1
6.550000,3.676050E-1
6.555000,3.550500E-1
6.560000,3.676050E-1
6.565000,3.575610E-1
6.570000,3.676050E-1
6.575000,3.550500E-1
6.580000,3.676050E-1
6.585000,3.550500E-1
6.590000,3.650940E-1
6.595000,3.625830E-1
6.600000,3.676050E-1
6.605000,3.550500E-1
6.610000,3.676050E-1
6.615000,3.550500E-1
6.620000,3.676050E-1
6.625000,3.600720E-1
6.630000,3.650940E-1
6.635000,3.550500E-1
6.640000,3.676050E-1
6.645000,3.600720E-1
6.650000,3.550500E-1
6.655000,3.600720E-1
6.660000,3.676050E-1
6.665000,3.550500E-1
6.670000,3.600720E-1
6.675000,3.676050E-1
6.680000,3.550500E-1
6.685000,3.600720E-1
6.690000,3.600720E-1
6.695000,3.625830E-1
6.700000,3.676050E-1
6.705000,3.600720E-1
6.710000,3.575610E-1
6.715000,3.575610E-1
6.720000,3.600720E-1
6.725000,3.600720E-1
6.730000,3.575610E-1
6.735000,3.600720E-1
6.740000,3.600720E-1
6.745000,3.650940E-1
6.750000,3.575610E-1
6.755000,3.600720E-1
6.760000,3.600720E-1
6.765000,3.550500E-1
6.770000,3.650940E-1
6.775000,3.600720E-1
6.780000,3.550500E-1
6.785000,3.676050E-1
6.790000,3.575610E-1
6.795000,3.575610E-1
6.800000,3.600720E-1
6.805000,3.600720E-1
6.810000,3.550500E-1
6.815000,3.676050E-1
6.820000,3.550500E-1
6.825000,3.600720E-1
6.830000,3.600720E-1
6.835000,3.600720E-1
6.840000,3.600720E-1
6.845000,3.625830E-1
6.850000,3.575610E-1
6.855000,3.550500E-1
6.860000,3.600720E-1
6.865000,3.575610E-1
6.870000,3.575610E-1
6.875000,3.676050E-1
6.880000,3.600720E-1
6.885000,3.600720E-1
6.890000,3.600720E-1
6.895000,3.550500E-1
6.900000,3.676050E-1
6.905000,3.550500E-1
6.910000,3.625830E-1
6.915000,3.676050E-1
6.920000,3.550500E-1
6.925000,3.600720E-1
6.930000,3.676050E-1
6.935000,3.525390E-1
6.940000,3.600720E-1
6.945000,3.600720E-1
6.950000,3.600720E-1
6.955000,3.550500E-1
6.960000,3.650940E-1
6.965000,3.550500E-1
6.970000,3.650940E-1
6.975000,3.600720E-1
6.980000,3.625830E-1
6.985000,3.600720E-1
6.990000,3.625830E-1
6.995000,3.575610E-1
7.000000,3.550500E-1
7.005000,3.676050E-1
7.010000,3.600720E-1
7.015000,3.600720E-1
7.020000,3.600720E-1
7.025000,3.550500E-1
7.030000,3.676050E-1
7.035000,3.575610E-1
7.040000,3.676050E-1
7.045000,3.575610E-1
7.050000,3.600720E-1
7.055000,3.600720E-1
7.060000,3.550500E-1
7.065000,3.600720E-1
7.070000,3.600720E-1
7.075000,3.600720E-1
7.080000,3.600720E-1
7.085000,3.600720E-1
7.090000,3.676050E-1
7.095000,3.550500E-1
7.100000,3.650940E-1
7.105000,3.550500E-1
7.110000,3.676050E-1
7.115000,3.575610E-1
7.120000,3.650940E-1
7.125000,3.550500E-1
7.130000,3.676050E-1
7.135000,3.550500E-1
7.140000,3.625830E-1
7.145000,3.550500E-1
7.150000,3.676050E-1
7.155000,3.600720E-1
7.160000,3.625830E-1
7.165000,3.600720E-1
7.170000,4.548411E+0
7.175000,4.558455E+0
7.180000,4.548411E+0
7.185000,4.548411E+0
7.190000,4.553433E+0
7.195000,4.550922E+0
7.200000,4.550922E+0
7.205000,4.545900E+0
7.210000,4.555944E+0
7.215000,4.553433E+0
7.220000,4.543389E+0
7.225000,4.558455E+0
7.230000,4.548411E+0
7.235000,4.550922E+0
7.240000,4.550922E+0
7.245000,4.558455E+0
7.250000,4.550922E+0
7.255000,4.545900E+0
7.260000,4.553433E+0
7.265000,4.550922E+0
7.270000,4.553433E+0
7.275000,4.548411E+0
7.280000,4.553433E+0
7.285000,4.558455E+0
7.290000,4.550922E+0
7.295000,4.545900E+0
7.300000,4.550922E+0
7.305000,4.555944E+0
7.310000,4.553433E+0
7.315000,4.553433E+0
7.320000,4.550922E+0
7.325000,4.545900E+0
7.330000,4.558455E+0
7.335000,3.600720E-1
7.340000,3.550500E-1
7.345000,3.600720E-1
7.350000,3.600720E-1
7.355000,3.550500E-1
7.360000,3.650940E-1
7.365000,3.550500E-1
7.370000,3.600720E-1
7.375000,3.600720E-1
7.380000,3.625830E-1
7.385000,3.600720E-1
7.390000,3.600720E-1
7.395000,3.600720E-1
7.400000,3.676050E-1
7.405000,3.600720E-1
7.410000,3.550500E-1
7.415000,3.600720E-1
7.420000,3.676050E-1
7.425000,3.575610E-1
7.430000,3.550500E-1
7.435000,3.600720E-1
7.440000,3.676050E-1
7.445000,3.600720E-1
7.450000,3.550500E-1
7.455000,3.575610E-1
7.460000,3.600720E-1
7.465000,3.600720E-1
7.470000,3.600720E-1
7.475000,3.550500E-1
7.480000,3.625830E-1
7.485000,3.600720E-1
7.490000,3.550500E-1
7.495000,3.600720E-1
7.500000,3.600720E-1
7.505000,3.600720E-1
7.510000,3.625830E-1
7.515000,3.600720E-1
7.520000,3.600720E-1
7.525000,3.600720E-1
7.530000,3.600720E-1
7.535000,3.650940E-1
7.540000,3.550500E-1
7.545000,3.600720E-1
7.550000,3.575610E-1
7.555000,3.550500E-1
7.560000,3.600720E-1
7.565000,3.600720E-1
7.570000,3.550500E-1
7.575000,3.650940E-1
7.580000,3.625830E-1
7.585000,3.600720E-1
7.590000,3.650940E-1
7.595000,3.550500E-1
7.600000,3.625830E-1
7.605000,3.600720E-1
7.610000,3.550500E-1
7.615000,3.676050E-1
7.620000,3.600720E-1
7.625000,3.550500E-1
7.630000,3.625830E-1
7.635000,3.600720E-1
7.640000,3.600720E-1
7.645000,3.600720E-1
7.650000,3.676050E-1
7.655000,3.600720E-1
7.660000,3.575610E-1
7.665000,3.676050E-1
7.670000,3.550500E-1
7.675000,3.600720E-1
7.680000,3.676050E-1
7.685000,3.600720E-1
7.690000,3.600720E-1
7.695000,3.676050E-1
7.700000,3.600720E-1
7.705000,3.575610E-1
7.710000,3.676050E-1
7.715000,3.600720E-1
7.720000,3.600720E-1
7.725000,3.676050E-1
7.730000,3.525390E-1
7.735000,3.650940E-1
7.740000,3.525390E-1
7.745000,3.600720E-1
7.750000,3.676050E-1
7.755000,3.600720E-1
7.760000,3.600720E-1
7.765000,3.600720E-1
7.770000,3.600720E-1
7.775000,3.676050E-1
7.780000,3.550500E-1
7.785000,3.676050E-1
7.790000,3.600720E-1
7.795000,3.625830E-1
7.800000,3.676050E-1
7.805000,3.600720E-1
7.810000,3.575610E-1
7.815000,3.575610E-1
7.820000,3.525390E-1
7.825000,3.650940E-1
7.830000,3.600720E-1
7.835000,3.550500E-1
7.840000,4.553433E+0
7.845000,4.555944E+0
7.850000,4.548411E+0
7.855000,4.558455E+0
7.860000,4.555944E+0
7.865000,4.545900E+0
7.870000,4.560966E+0
7.875000,4.548411E+0
7.880000,4.555944E+0
7.885000,4.553433E+0
7.890000,4.558455E+0
7.895000,4.563477E+0
7.900000,4.553433E+0
7.905000,4.548411E+0
7.910000,4.558455E+0
7.915000,4.555944E+0
7.920000,4.555944E+0
7.925000,4.553433E+0
7.930000,4.545900E+0
7.935000,4.555944E+0
7.940000,4.553433E+0
7.945000,4.545900E+0
7.950000,4.555944E+0
7.955000,4.563477E+0
7.960000,4.548411E+0
7.965000,4.555944E+0
7.970000,4.555944E+0
7.975000,4.550922E+0
7.980000,4.560966E+0
7.985000,4.553433E+0
7.990000,4.555944E+0
7.995000,4.560966E+0
8.000000,4.548411E+0
8.005000,3.676050E-1
8.010000,3.550500E-1
8.015000,3.676050E-1
8.020000,3.600720E-1
8.025000,3.600720E-1
8.030000,3.600720E-1
8.035000,3.600720E-1
8.040000,3.676050E-1
8.045000,3.550500E-1
8.050000,3.600720E-1
8.055000,3.625830E-1
8.060000,3.550500E-1
8.065000,3.600720E-1
8.070000,3.650940E-1
8.075000,3.600720E-1
8.080000,3.625830E-1
8.085000,3.650940E-1
8.090000,3.575610E-1
8.095000,3.600720E-1
8.100000,3.650940E-1
8.105000,3.600720E-1
8.110000,3.600720E-1
8.115000,3.676050E-1
8.120000,3.600720E-1
8.125000,3.600720E-1
8.130000,3.676050E-1
8.135000,3.550500E-1
8.140000,3.600720E-1
8.145000,3.600720E-1
8.150000,3.575610E-1
8.155000,3.600720E-1
8.160000,3.650940E-1
8.165000,3.600720E-1
8.170000,3.600720E-1
8.175000,3.600720E-1
8.180000,3.650940E-1
8.185000,3.600720E-1
8.190000,3.550500E-1
8.195000,3.575610E-1
8.200000,3.650940E-1
8.205000,3.600720E-1
8.210000,3.625830E-1
8.215000,3.550500E-1
8.220000,3.575610E-1
8.225000,3.625830E-1
8.230000,3.676050E-1
8.235000,3.600720E-1
8.240000,3.600720E-1
8.245000,3.676050E-1
8.250000,3.600720E-1
8.255000,3.600720E-1
8.260000,3.600720E-1
8.265000,3.625830E-1
8.270000,3.676050E-1
8.275000,3.550500E-1
8.280000,3.625830E-1
8.285000,3.676050E-1
8.290000,3.701159E-1
8.295000,3.600720E-1
8.300000,3.550500E-1
8.305000,3.600720E-1
8.310000,3.676050E-1
8.315000,3.600720E-1
8.320000,3.550500E-1
8.325000,3.600720E-1
8.330000,3.676050E-1
8.335000,3.600720E-1
8.340000,3.525390E-1
8.345000,3.625830E-1
8.350000,3.600720E-1
8.355000,3.550500E-1
8.360000,3.625830E-1
8.365000,3.650940E-1
8.370000,3.600720E-1
8.375000,3.600720E-1
8.380000,3.676050E-1
8.385000,3.600720E-1
8.390000,3.550500E-1
8.395000,3.600720E-1
8.400000,3.676050E-1
8.405000,3.625830E-1
8.410000,3.550500E-1
8.415000,3.625830E-1
8.420000,3.676050E-1
8.425000,3.625830E-1
8.430000,3.625830E-1
8.435000,3.676050E-1
8.440000,3.575610E-1
8.445000,3.550500E-1
8.450000,3.600720E-1
8.455000,3.676050E-1
8.460000,3.676050E-1
8.465000,3.676050E-1
8.470000,3.650940E-1
8.475000,3.600720E-1
8.480000,3.575610E-1
8.485000,3.650940E-1
8.490000,3.575610E-1
8.495000,3.600720E-1
8.500000,3.575610E-1
8.505000,3.676050E-1
8.510000,3.600720E-1
8.515000,3.550500E-1
8.520000,3.600720E-1
8.525000,3.676050E-1
8.530000,3.600720E-1
8.535000,3.550500E-1
8.540000,3.625830E-1
8.545000,3.600720E-1
8.550000,3.650940E-1
8.555000,3.625830E-1
8.560000,3.550500E-1
8.565000,3.600720E-1
8.570000,3.676050E-1
8.575000,3.600720E-1
8.580000,3.550500E-1
8.585000,3.600720E-1
8.590000,3.600720E-1
8.595000,3.550500E-1
8.600000,3.625830E-1
8.605000,3.600720E-1
8.610000,3.550500E-1
8.615000,3.676050E-1
8.620000,3.625830E-1
8.625000,3.600720E-1
8.630000,3.625830E-1
8.635000,3.676050E-1
8.640000,3.600720E-1
8.645000,3.625830E-1
8.650000,3.676050E-1
8.655000,3.550500E-1
8.660000,3.600720E-1
8.665000,3.600720E-1
8.670000,3.550500E-1
8.675000,3.600720E-1
8.680000,3.575610E-1
8.685000,4.550922E+0
8.690000,4.555944E+0
8.695000,4.555944E+0
8.700000,4.558455E+0
8.705000,4.560966E+0
8.710000,4.553433E+0
8.715000,4.548411E+0
8.720000,4.545900E+0
8.725000,4.555944E+0
8.730000,4.560966E+0
8.735000,4.563477E+0
8.740000,4.555944E+0
8.745000,4.548411E+0
8.750000,4.555944E+0
8.755000,4.565988E+0
8.760000,4.553433E+0
8.765000,4.548411E+0
8.770000,4.555944E+0
8.775000,4.555944E+0
8.780000,4.553433E+0
8.785000,4.558455E+0
8.790000,4.553433E+0
8.795000,4.550922E+0
8.800000,4.558455E+0
8.805000,4.555944E+0
8.810000,4.548411E+0
8.815000,4.560966E+0
8.820000,4.550922E+0
8.825000,4.555944E+0
8.830000,4.565988E+0
8.835000,4.548411E+0
8.840000,4.555944E+0
8.845000,4.553433E+0
8.850000,3.550500E-1
8.855000,3.600720E-1
8.860000,3.625830E-1
8.865000,3.575610E-1
8.870000,3.600720E-1
8.875000,3.676050E-1
8.880000,3.525390E-1
8.885000,3.625830E-1
8.890000,3.600720E-1
8.895000,3.550500E-1
8.900000,3.676050E-1
8.905000,3.650940E-1
8.910000,3.600720E-1
8.915000,3.575610E-1
8.920000,3.625830E-1
8.925000,3.676050E-1
8.930000,3.575610E-1
8.935000,3.575610E-1
8.940000,3.600720E-1
8.945000,3.650940E-1
8.950000,3.600720E-1
8.955000,3.575610E-1
8.960000,3.600720E-1
8.965000,3.676050E-1
8.970000,3.600720E-1
8.975000,3.575610E-1
8.980000,3.600720E-1
8.985000,3.650940E-1
8.990000,3.550500E-1
8.995000,3.600720E-1
9.000000,3.676050E-1
9.005000,3.550500E-1
9.010000,3.600720E-1
9.015000,3.625830E-1
9.020000,3.550500E-1
9.025000,3.600720E-1
9.030000,3.676050E-1
9.035000,3.600720E-1
9.040000,3.550500E-1
9.045000,3.625830E-1
9.050000,3.650940E-1
9.055000,3.575610E-1
9.060000,3.575610E-1
9.065000,3.600720E-1
9.070000,3.676050E-1
9.075000,3.575610E-1
9.080000,3.600720E-1
9.085000,3.575610E-1
9.090000,3.550500E-1
9.095000,3.600720E-1
9.100000,3.676050E-1
9.105000,3.550500E-1
9.110000,3.600720E-1
9.115000,3.650940E-1
9.120000,3.575610E-1
9.125000,3.550500E-1
9.130000,3.600720E-1
9.135000,3.676050E-1
9.140000,3.575610E-1
9.145000,3.600720E-1
9.150000,3.676050E-1
9.155000,3.600720E-1
9.160000,3.550500E-1
9.165000,3.600720E-1
9.170000,3.600720E-1
9.175000,3.575610E-1
9.180000,3.600720E-1
9.185000,3.676050E-1
9.190000,3.550500E-1
9.195000,3.600720E-1
9.200000,3.600720E-1
9.205000,3.575610E-1
9.210000,3.600720E-1
9.215000,3.600720E-1
9.220000,3.550500E-1
9.225000,3.600720E-1
9.230000,3.600720E-1
9.235000,3.676050E-1
9.240000,3.625830E-1
9.245000,3.525390E-1
9.250000,3.676050E-1
9.255000,3.600720E-1
9.260000,3.600720E-1
9.265000,3.676050E-1
9.270000,3.550500E-1
9.275000,3.625830E-1
9.280000,3.676050E-1
9.285000,3.625830E-1
9.290000,3.600720E-1
9.295000,3.650940E-1
9.300000,3.600720E-1
9.305000,3.625830E-1
9.310000,3.600720E-1
9.315000,3.600720E-1
9.320000,3.625830E-1
9.325000,3.625830E-1
9.330000,3.650940E-1
9.335000,3.625830E-1
9.340000,3.575610E-1
9.345000,3.625830E-1
9.350000,3.676050E-1
9.355000,4.553433E+0
9.360000,4.558455E+0
9.365000,4.560966E+0
9.370000,4.553433E+0
9.375000,4.558455E+0
9.380000,4.560966E+0
9.385000,4.558455E+0
9.390000,4.548411E+0
9.395000,4.555944E+0
9.400000,4.565988E+0
9.405000,4.548411E+0
9.410000,4.558455E+0
9.415000,4.558455E+0
9.420000,4.553433E+0
9.425000,4.555944E+0
9.430000,4.560966E+0
9.435000,4.555944E+0
9.440000,4.550922E+0
9.445000,4.558455E+0
9.450000,4.555944E+0
9.455000,4.558455E+0
9.460000,4.550922E+0
9.465000,4.555944E+0
9.470000,4.560966E+0
9.475000,4.558455E+0
9.480000,4.558455E+0
9.485000,4.555944E+0
9.490000,4.555944E+0
9.495000,4.560966E+0
9.500000,4.558455E+0
9.505000,4.550922E+0
9.510000,4.555944E+0
9.515000,4.558455E+0
9.520000,4.565988E+0
9.525000,3.525390E-1
9.530000,3.625830E-1
9.535000,3.676050E-1
9.540000,3.550500E-1
9.545000,3.625830E-1
9.550000,3.600720E-1
9.555000,3.550500E-1
9.560000,3.600720E-1
9.565000,3.676050E-1
9.570000,3.575610E-1
9.575000,3.676050E-1
9.580000,3.550500E-1
9.585000,3.600720E-1
9.590000,3.600720E-1
9.595000,3.625830E-1
9.600000,3.650940E-1
9.605000,3.550500E-1
9.610000,3.600720E-1
9.615000,3.600720E-1
9.620000,3.550500E-1
9.625000,3.600720E-1
9.630000,3.600720E-1
9.635000,3.550500E-1
9.640000,3.676050E-1
9.645000,3.600720E-1
9.650000,3.625830E-1
9.655000,3.676050E-1
9.660000,3.600720E-1
9.665000,3.550500E-1
9.670000,3.600720E-1
9.675000,3.625830E-1
9.680000,3.550500E-1
9.685000,3.600720E-1
9.690000,3.676050E-1
9.695000,3.575610E-1
9.700000,3.600720E-1
9.705000,3.600720E-1
9.710000,3.550500E-1
9.715000,3.575610E-1
9.720000,3.600720E-1
9.725000,3.525390E-1
9.730000,3.676050E-1
9.735000,3.600720E-1
9.740000,3.550500E-1
9.745000,3.650940E-1
9.750000,3.600720E-1
9.755000,3.550500E-1
9.760000,3.600720E-1
9.765000,3.676050E-1
9.770000,3.575610E-1
9.775000,3.676050E-1
9.780000,3.575610E-1
9.785000,3.600720E-1
9.790000,3.600720E-1
9.795000,3.625830E-1
9.800000,3.600720E-1
9.805000,3.600720E-1
9.810000,3.676050E-1
9.815000,3.575610E-1
9.820000,3.676050E-1
9.825000,3.600720E-1
9.830000,3.650940E-1
9.835000,3.600720E-1
9.840000,3.600720E-1
9.845000,3.550500E-1
9.850000,3.650940E-1
9.855000,3.625830E-1
9.860000,3.625830E-1
9.865000,3.676050E-1
9.870000,3.550500E-1
9.875000,3.600720E-1
9.880000,3.600720E-1
9.885000,3.600720E-1
9.890000,3.600720E-1
9.895000,3.600720E-1
9.900000,3.575610E-1
9.905000,3.600720E-1
9.910000,3.600720E-1
9.915000,3.600720E-1
9.920000,3.600720E-1
9.925000,3.625830E-1
9.930000,3.600720E-1
9.935000,3.600720E-1
9.940000,3.600720E-1
9.945000,3.600720E-1
9.950000,3.600720E-1
9.955000,3.600720E-1
9.960000,3.600720E-1
9.965000,3.600720E-1
9.970000,3.676050E-1
9.975000,3.525390E-1
9.980000,3.676050E-1
9.985000,3.550500E-1
9.990000,3.676050E-1
9.995000,3.525390E-1
10.000000,3.600720E-1
10.005000,3.600720E-1
10.010000,3.575610E-1
10.015000,3.600720E-1
10.020000,3.600720E-1
10.025000,3.550500E-1
10.030000,3.625830E-1
10.035000,3.600720E-1
10.040000,3.550500E-1
10.045000,3.600720E-1
10.050000,3.676050E-1
10.055000,3.625830E-1
10.060000,3.550500E-1
10.065000,3.625830E-1
10.070000,3.676050E-1
10.075000,3.600720E-1
10.080000,3.575610E-1
10.085000,3.676050E-1
10.090000,3.600720E-1
10.095000,3.600720E-1
10.100000,3.676050E-1
10.105000,3.600720E-1
10.110000,3.625830E-1
10.115000,3.600720E-1
10.120000,3.600720E-1
10.125000,3.625830E-1
10.130000,3.550500E-1
10.135000,3.650940E-1
10.140000,3.600720E-1
10.145000,3.600720E-1
10.150000,3.676050E-1
10.155000,3.600720E-1
10.160000,3.525390E-1
10.165000,3.676050E-1
10.170000,3.600720E-1
10.175000,3.600720E-1
10.180000,3.650940E-1
10.185000,3.600720E-1
10.190000,3.600720E-1
10.195000,3.676050E-1
10.200000,3.575610E-1
10.205000,4.555944E+0
10.210000,4.555944E+0
10.215000,4.553433E+0
10.220000,4.558455E+0
10.225000,4.563477E+0
10.230000,4.555944E+0
10.235000,4.553433E+0
10.240000,4.553433E+0
10.245000,4.555944E+0
10.250000,4.550922E+0
10.255000,4.555944E+0
10.260000,4.563477E+0
10.265000,4.545900E+0
10.270000,4.558455E+0
10.275000,4.560966E+0
10.280000,4.555944E+0
10.285000,4.555944E+0
10.290000,4.553433E+0
10.295000,4.558455E+0
10.300000,4.555944E+0
10.305000,4.548411E+0
10.310000,4.563477E+0
10.315000,4.555944E+0
10.320000,4.553433E+0
10.325000,4.555944E+0
10.330000,4.558455E+0
10.335000,4.550922E+0
10.340000,4.553433E+0
10.345000,4.560966E+0
10.350000,4.553433E+0
10.355000,4.558455E+0
10.360000,4.553433E+0
10.365000,4.553433E+0
10.370000,3.676050E-1
10.375000,3.600720E-1
10.380000,3.600720E-1
10.385000,3.600720E-1
10.390000,3.625830E-1
10.395000,3.676050E-1
10.400000,3.575610E-1
10.405000,3.676050E-1
10.410000,3.550500E-1
10.415000,3.600720E-1
10.420000,3.625830E-1
10.425000,3.600720E-1
10.430000,3.600720E-1
10.435000,3.575610E-1
10.440000,3.600720E-1
10.445000,3.676050E-1
10.450000,3.575610E-1
10.455000,3.676050E-1
10.460000,3.600720E-1
10.465000,3.600720E-1
10.470000,3.676050E-1
10.475000,3.600720E-1
10.480000,3.550500E-1
10.485000,3.650940E-1
10.490000,3.575610E-1
10.495000,3.575610E-1
10.500000,3.625830E-1
10.505000,3.550500E-1
10.510000,3.600720E-1
10.515000,3.676050E-1
10.520000,3.625830E-1
10.525000,3.550500E-1
10.530000,3.625830E-1
10.535000,3.676050E-1
10.540000,3.625830E-1
10.545000,3.575610E-1
10.550000,3.676050E-1
10.555000,3.600720E-1
10.560000,3.550500E-1
10.565000,3.600720E-1
10.570000,3.600720E-1
10.575000,3.550500E-1
10.580000,3.625830E-1
10.585000,3.650940E-1
10.590000,3.550500E-1
10.595000,3.600720E-1
10.600000,3.600720E-1
10.605000,3.550500E-1
10.610000,3.625830E-1
10.615000,3.600720E-1
10.620000,3.525390E-1
10.625000,3.676050E-1
10.630000,3.625830E-1
10.635000,3.625830E-1
10.640000,3.600720E-1
10.645000,3.600720E-1
10.650000,3.650940E-1
10.655000,3.600720E-1
10.660000,3.550500E-1
10.665000,3.600720E-1
10.670000,3.676050E-1
10.675000,3.600720E-1
10.680000,3.600720E-1
10.685000,3.650940E-1
10.690000,3.550500E-1
10.695000,3.676050E-1
10.700000,3.575610E-1
10.705000,3.676050E-1
10.710000,3.575610E-1
10.715000,3.600720E-1
10.720000,3.600720E-1
10.725000,3.600720E-1
10.730000,3.600720E-1
10.735000,3.550500E-1
10.740000,3.650940E-1
10.745000,3.550500E-1
10.750000,3.600720E-1
10.755000,3.600720E-1
10.760000,3.550500E-1
10.765000,3.676050E-1
10.770000,3.600720E-1
10.775000,3.600720E-1
10.780000,3.600720E-1
10.785000,3.600720E-1
10.790000,3.676050E-1
10.795000,3.600720E-1
10.800000,3.625830E-1
10.805000,3.676050E-1
10.810000,3.550500E-1
10.815000,3.650940E-1
10.820000,3.600720E-1
10.825000,3.600720E-1
10.830000,3.676050E-1
10.835000,3.600720E-1
10.840000,3.550500E-1
10.845000,3.676050E-1
10.850000,3.600720E-1
10.855000,3.550500E-1
10.860000,3.575610E-1
10.865000,3.650940E-1
10.870000,3.575610E-1
10.875000,4.558455E+0
10.880000,4.558455E+0
10.885000,4.550922E+0
10.890000,4.563477E+0
10.895000,4.558455E+0
10.900000,4.550922E+0
10.905000,4.553433E+0
10.910000,4.560966E+0
10.915000,4.555944E+0
10.920000,4.553433E+0
10.925000,4.560966E+0
10.930000,4.558455E+0
10.935000,4.555944E+0
10.940000,4.560966E+0
10.945000,4.548411E+0
10.950000,4.553433E+0
10.955000,4.560966E+0
10.960000,4.555944E+0
10.965000,4.550922E+0
10.970000,4.558455E+0
10.975000,4.560966E+0
10.980000,4.548411E+0
10.985000,4.560966E+0
10.990000,4.548411E+0
10.995000,4.560966E+0
11.000000,4.548411E+0
11.005000,4.560966E+0
11.010000,4.548411E+0
11.015000,4.563477E+0
11.020000,4.553433E+0
11.025000,4.560966E+0
11.030000,4.550922E+0
11.035000,4.558455E+0
11.040000,3.600720E-1
11.045000,3.575610E-1
11.050000,3.550500E-1
11.055000,3.575610E-1
11.060000,3.550500E-1
11.065000,3.676050E-1
11.070000,3.575610E-1
11.075000,3.676050E-1
11.080000,3.550500E-1
11.085000,3.676050E-1
11.090000,3.550500E-1
11.095000,3.676050E-1
11.100000,3.575610E-1
11.105000,3.676050E-1
11.110000,3.550500E-1
11.115000,3.600720E-1
11.120000,3.600720E-1
11.125000,3.600720E-1
11.130000,3.600720E-1
11.135000,3.600720E-1
11.140000,3.600720E-1
11.145000,3.600720E-1
11.150000,3.676050E-1
11.155000,3.600720E-1
11.160000,3.600720E-1
11.165000,3.600720E-1
11.170000,3.600720E-1
11.175000,3.600720E-1
11.180000,3.676050E-1
11.185000,3.525390E-1
11.190000,3.600720E-1
11.195000,3.575610E-1
11.200000,3.550500E-1
11.205000,3.650940E-1
11.210000,3.550500E-1
11.215000,3.650940E-1
11.220000,3.600720E-1
11.225000,3.575610E-1
11.230000,3.575610E-1
11.235000,3.600720E-1
11.240000,3.676050E-1
11.245000,3.575610E-1
11.250000,3.676050E-1
11.255000,3.550500E-1
11.260000,3.600720E-1
11.265000,3.625830E-1
11.270000,3.550500E-1
11.275000,3.600720E-1
11.280000,3.600720E-1
11.285000,3.575610E-1
11.290000,3.676050E-1
11.295000,3.550500E-1
11.300000,3.676050E-1
11.305000,3.575610E-1
11.310000,3.625830E-1
11.315000,3.600720E-1
11.320000,3.600720E-1
11.325000,3.600720E-1
11.330000,3.600720E-1
11.335000,3.600720E-1
11.340000,3.550500E-1
11.345000,3.676050E-1
11.350000,3.550500E-1
11.355000,3.650940E-1
11.360000,3.550500E-1
11.365000,3.701159E-1
11.370000,3.550500E-1
11.375000,3.676050E-1
11.380000,3.575610E-1
11.385000,3.600720E-1
11.390000,3.600720E-1
11.395000,3.625830E-1
11.400000,3.676050E-1
11.405000,3.600720E-1
11.410000,3.600720E-1
11.415000,3.650940E-1
11.420000,3.600720E-1
11.425000,3.575610E-1
11.430000,3.575610E-1
11.435000,3.600720E-1
11.440000,3.650940E-1
11.445000,3.676050E-1
11.450000,3.625830E-1
11.455000,3.550500E-1
11.460000,3.575610E-1
11.465000,3.550500E-1
11.470000,3.550500E-1
11.475000,3.600720E-1
11.480000,3.676050E-1
11.485000,3.575610E-1
11.490000,3.600720E-1
11.495000,3.600720E-1
11.500000,3.575610E-1
11.505000,3.625830E-1
11.510000,3.625830E-1
11.515000,3.550500E-1
11.520000,3.676050E-1
11.525000,3.550500E-1
11.530000,3.625830E-1
11.535000,3.600720E-1
11.540000,3.575610E-1
11.545000,3.600720E-1
11.550000,3.676050E-1
11.555000,3.550500E-1
11.560000,3.575610E-1
11.565000,3.600720E-1
11.570000,3.600720E-1
11.575000,3.676050E-1
11.580000,3.550500E-1
11.585000,3.575610E-1
11.590000,3.676050E-1
11.595000,3.575610E-1
11.600000,3.600720E-1
11.605000,3.676050E-1
11.610000,3.575610E-1
11.615000,3.600720E-1
11.620000,3.676050E-1
11.625000,3.600720E-1
11.630000,3.625830E-1
11.635000,3.676050E-1
11.640000,3.600720E-1
11.645000,3.575610E-1
11.650000,3.676050E-1
11.655000,3.600720E-1
11.660000,3.550500E-1
11.665000,3.650940E-1
11.670000,3.625830E-1
11.675000,3.600720E-1
11.680000,3.676050E-1
11.685000,3.575610E-1
11.690000,3.575610E-1
11.695000,3.676050E-1
11.700000,3.600720E-1
11.705000,3.625830E-1
11.710000,3.625830E-1
11.715000,3.600720E-1
11.720000,4.555944E+0
11.725000,4.555944E+0
11.730000,4.555944E+0
11.735000,4.548411E+0
11.740000,4.563477E+0
11.745000,4.553433E+0
11.750000,4.555944E+0
11.755000,4.558455E+0
11.760000,4.558455E+0
11.765000,4.555944E+0
11.770000,4.555944E+0
11.775000,4.553433E+0
11.780000,4.560966E+0
11.785000,4.555944E+0
11.790000,4.553433E+0
11.795000,4.563477E+0
11.800000,4.555944E+0
11.805000,4.555944E+0
11.810000,4.558455E+0
11.815000,4.553433E+0
11.820000,4.558455E+0
11.825000,4.560966E+0
11.830000,4.548411E+0
11.835000,4.555944E+0
11.840000,4.555944E+0
11.845000,4.553433E+0
11.850000,4.560966E+0
11.855000,4.558455E+0
11.860000,4.553433E+0
11.865000,4.560966E+0
11.870000,4.555944E+0
11.875000,4.553433E+0
11.880000,4.563477E+0
11.885000,4.563477E+0
11.890000,3.550500E-1
11.895000,3.676050E-1
11.900000,3.600720E-1
11.905000,3.550500E-1
11.910000,3.676050E-1
11.915000,3.676050E-1
11.920000,3.550500E-1
11.925000,3.625830E-1
11.930000,3.676050E-1
11.935000,3.600720E-1
11.940000,3.550500E-1
11.945000,3.600720E-1
11.950000,3.600720E-1
11.955000,3.550500E-1
11.960000,3.676050E-1
11.965000,3.550500E-1
11.970000,3.600720E-1
11.975000,3.600720E-1
11.980000,3.600720E-1
11.985000,3.676050E-1
11.990000,3.550500E-1
11.995000,3.600720E-1
12.000000,3.650940E-1
12.005000,3.600720E-1
12.010000,3.575610E-1
12.015000,3.676050E-1
12.020000,3.600720E-1
12.025000,3.575610E-1
12.030000,3.600720E-1
12.035000,3.625830E-1
12.040000,3.550500E-1
12.045000,3.600720E-1
12.050000,3.676050E-1
12.055000,3.600720E-1
12.060000,3.550500E-1
12.065000,3.650940E-1
12.070000,3.676050E-1
12.075000,3.625830E-1
12.080000,3.550500E-1
12.085000,3.676050E-1
12.090000,3.600720E-1
12.095000,3.575610E-1
12.100000,3.600720E-1
12.105000,3.676050E-1
12.110000,3.575610E-1
12.115000,3.676050E-1
12.120000,3.525390E-1
12.125000,3.600720E-1
12.130000,3.600720E-1
12.135000,3.550500E-1
12.140000,3.625830E-1
12.145000,3.600720E-1
12.150000,3.550500E-1
12.155000,3.650940E-1
12.160000,3.625830E-1
12.165000,3.550500E-1
12.170000,3.676050E-1
12.175000,3.600720E-1
12.180000,3.550500E-1
12.185000,3.676050E-1
12.190000,3.600720E-1
12.195000,3.550500E-1
12.200000,3.650940E-1
12.205000,3.600720E-1
12.210000,3.600720E-1
12.215000,3.676050E-1
12.220000,3.600720E-1
12.225000,3.550500E-1
12.230000,3.600720E-1
12.235000,3.600720E-1
12.240000,3.550500E-1
12.245000,3.676050E-1
12.250000,3.575610E-1
12.255000,3.600720E-1
12.260000,3.600720E-1
12.265000,3.550500E-1
12.270000,3.676050E-1
12.275000,3.550500E-1
12.280000,3.600720E-1
12.285000,3.600720E-1
12.290000,3.550500E-1
12.295000,3.676050E-1
12.300000,3.575610E-1
12.305000,3.676050E-1
12.310000,3.600720E-1
12.315000,3.600720E-1
12.320000,3.676050E-1
12.325000,3.600720E-1
12.330000,3.625830E-1
12.335000,3.600720E-1
12.340000,3.600720E-1
12.345000,3.676050E-1
12.350000,3.525390E-1
12.355000,3.625830E-1
12.360000,3.600720E-1
12.365000,3.550500E-1
12.370000,3.600720E-1
12.375000,3.600720E-1
12.380000,3.550500E-1
12.385000,3.676050E-1
12.390000,4.548411E+0
12.395000,4.555944E+0
12.400000,4.560966E+0
12.405000,4.550922E+0
12.410000,4.550922E+0
12.415000,4.555944E+0
12.420000,4.558455E+0
12.425000,4.560966E+0
12.430000,4.553433E+0
12.435000,4.555944E+0
12.440000,4.563477E+0
12.445000,4.555944E+0
12.450000,4.553433E+0
12.455000,4.558455E+0
12.460000,4.565988E+0
12.465000,4.553433E+0
12.470000,4.550922E+0
12.475000,4.555944E+0
12.480000,4.558455E+0
12.485000,4.555944E+0
12.490000,4.558455E+0
12.495000,4.560966E+0
12.500000,4.558455E+0
12.505000,4.558455E+0
12.510000,4.563477E+0
12.515000,4.553433E+0
12.520000,4.560966E+0
12.525000,4.548411E+0
12.530000,4.565988E+0
12.535000,4.550922E+0
12.540000,4.563477E+0
12.545000,4.555944E+0
12.550000,4.553433E+0
12.555000,4.571010E+0
12.560000,3.550500E-1
12.565000,3.625830E-1
12.570000,3.600720E-1
12.575000,3.575610E-1
12.580000,3.600720E-1
12.585000,3.600720E-1
12.590000,3.550500E-1
12.595000,3.650940E-1
12.600000,3.600720E-1
12.605000,3.600720E-1
12.610000,3.676050E-1
12.615000,3.550500E-1
12.620000,3.676050E-1
12.625000,3.550500E-1
12.630000,3.676050E-1
12.635000,3.550500E-1
12.640000,3.676050E-1
12.645000,3.575610E-1
12.650000,3.676050E-1
12.655000,3.575610E-1
12.660000,3.600720E-1
12.665000,3.600720E-1
12.670000,3.550500E-1
12.675000,3.600720E-1
12.680000,3.600720E-1
12.685000,3.550500E-1
12.690000,3.650940E-1
12.695000,3.550500E-1
12.700000,3.676050E-1
12.705000,3.600720E-1
12.710000,3.600720E-1
12.715000,3.676050E-1
12.720000,3.550500E-1
12.725000,3.600720E-1
12.730000,3.625830E-1
12.735000,3.550500E-1
12.740000,3.701159E-1
12.745000,3.550500E-1
12.750000,3.625830E-1
12.755000,3.600720E-1
12.760000,3.575610E-1
12.765000,3.625830E-1
12.770000,3.676050E-1
12.775000,3.600720E-1
12.780000,3.550500E-1
12.785000,3.600720E-1
12.790000,3.676050E-1
12.795000,3.600720E-1
12.800000,3.600720E-1
12.805000,3.650940E-1
12.810000,3.600720E-1
12.815000,3.525390E-1
12.820000,3.575610E-1
12.825000,3.650940E-1
12.830000,3.550500E-1
12.835000,3.600720E-1
12.840000,3.600720E-1
12.845000,3.575610E-1
12.850000,3.625830E-1
12.855000,3.600720E-1
12.860000,3.550500E-1
12.865000,3.600720E-1
12.870000,3.600720E-1
12.875000,3.550500E-1
12.880000,3.575610E-1
12.885000,3.600720E-1
12.890000,3.550500E-1
12.895000,3.676050E-1
12.900000,3.600720E-1
12.905000,3.600720E-1
12.910000,3.650940E-1
12.915000,3.575610E-1
12.920000,3.600720E-1
12.925000,3.600720E-1
12.930000,3.550500E-1
12.935000,3.600720E-1
12.940000,3.600720E-1
12.945000,3.550500E-1
12.950000,3.600720E-1
12.955000,3.650940E-1
12.960000,3.575610E-1
12.965000,3.625830E-1
12.970000,3.575610E-1
12.975000,3.600720E-1
12.980000,3.676050E-1
12.985000,3.600720E-1
12.990000,3.550500E-1
12.995000,3.600720E-1
13.000000,3.625830E-1
13.005000,3.550500E-1
13.010000,3.600720E-1
13.015000,3.676050E-1
13.020000,3.550500E-1
13.025000,3.600720E-1
13.030000,3.600720E-1
13.035000,3.575610E-1
13.040000,3.575610E-1
13.045000,3.600720E-1
13.050000,3.650940E-1
13.055000,3.575610E-1
13.060000,3.600720E-1
13.065000,3.600720E-1
13.070000,3.625830E-1
13.075000,3.600720E-1
13.080000,3.575610E-1
13.085000,3.676050E-1
13.090000,3.550500E-1
13.095000,3.600720E-1
13.100000,3.600720E-1
13.105000,3.575610E-1
13.110000,3.676050E-1
13.115000,3.600720E-1
13.120000,3.550500E-1
13.125000,3.676050E-1
13.130000,3.625830E-1
13.135000,3.575610E-1
13.140000,3.600720E-1
13.145000,3.550500E-1
13.150000,3.575610E-1
13.155000,3.600720E-1
13.160000,3.550500E-1
13.165000,3.650940E-1
13.170000,3.550500E-1
13.175000,3.650940E-1
13.180000,3.525390E-1
13.185000,3.600720E-1
13.190000,3.600720E-1
13.195000,3.575610E-1
13.200000,3.676050E-1
13.205000,3.600720E-1
13.210000,3.600720E-1
13.215000,3.650940E-1
13.220000,3.600720E-1
13.225000,3.600720E-1
13.230000,3.676050E-1
13.235000,3.600720E-1
13.240000,4.558455E+0
13.245000,4.560966E+0
13.250000,4.548411E+0
13.255000,4.563477E+0
13.260000,4.548411E+0
13.265000,4.553433E+0
13.270000,4.555944E+0
13.275000,4.548411E+0
13.280000,4.553433E+0
13.285000,4.553433E+0
13.290000,4.550922E+0
13.295000,4.553433E+0
13.300000,4.555944E+0
13.305000,4.548411E+0
13.310000,4.560966E+0
13.315000,4.548411E+0
13.320000,4.558455E+0
13.325000,4.548411E+0
13.330000,4.560966E+0
13.335000,4.555944E+0
13.340000,4.553433E+0
13.345000,4.553433E+0
13.350000,4.545900E+0
13.355000,4.560966E+0
13.360000,4.550922E+0
13.365000,4.555944E+0
13.370000,4.555944E+0
13.375000,4.558455E+0
13.380000,4.558455E+0
13.385000,4.545900E+0
13.390000,4.560966E+0
13.395000,4.553433E+0
13.400000,4.553433E+0
13.405000,3.676050E-1
13.410000,3.550500E-1
13.415000,3.600720E-1
13.420000,3.600720E-1
13.425000,3.550500E-1
13.430000,3.676050E-1
13.435000,3.600720E-1
13.440000,3.600720E-1
13.445000,3.676050E-1
13.450000,3.550500E-1
13.455000,3.600720E-1
13.460000,3.600720E-1
13.465000,3.575610E-1
13.470000,3.575610E-1
13.475000,3.600720E-1
13.480000,3.650940E-1
13.485000,3.676050E-1
13.490000,3.550500E-1
13.495000,3.625830E-1
13.500000,3.600720E-1
13.505000,3.550500E-1
13.510000,3.676050E-1
13.515000,3.550500E-1
13.520000,3.600720E-1
13.525000,3.600720E-1
13.530000,3.600720E-1
13.535000,3.676050E-1
13.540000,3.550500E-1
13.545000,3.575610E-1
13.550000,3.625830E-1
13.555000,3.600720E-1
13.560000,3.600720E-1
13.565000,3.550500E-1
13.570000,3.650940E-1
13.575000,3.600720E-1
13.580000,3.600720E-1
13.585000,3.676050E-1
13.590000,3.550500E-1
13.595000,3.600720E-1
13.600000,3.600720E-1
13.605000,3.575610E-1
13.610000,3.676050E-1
13.615000,3.600720E-1
13.620000,3.600720E-1
13.625000,3.676050E-1
13.630000,3.600720E-1
13.635000,3.625830E-1
13.640000,3.600720E-1
13.645000,3.550500E-1
13.650000,3.600720E-1
13.655000,3.600720E-1
13.660000,3.575610E-1
13.665000,3.676050E-1
13.670000,3.600720E-1
13.675000,3.600720E-1
13.680000,3.575610E-1
13.685000,3.600720E-1
13.690000,3.676050E-1
13.695000,3.600720E-1
13.700000,3.600720E-1
13.705000,3.676050E-1
13.710000,3.550500E-1
13.715000,3.600720E-1
13.720000,3.676050E-1
13.725000,3.525390E-1
13.730000,3.600720E-1
13.735000,3.600720E-1
13.740000,3.550500E-1
13.745000,3.650940E-1
13.750000,3.550500E-1
13.755000,3.600720E-1
13.760000,3.650940E-1
13.765000,3.550500E-1
13.770000,3.600720E-1
13.775000,3.650940E-1
13.780000,3.600720E-1
13.785000,3.600720E-1
13.790000,3.676050E-1
13.795000,3.550500E-1
13.800000,3.600720E-1
13.805000,3.676050E-1
13.810000,3.575610E-1
13.815000,3.600720E-1
13.820000,3.625830E-1
13.825000,3.575610E-1
13.830000,3.676050E-1
13.835000,3.600720E-1
13.840000,3.525390E-1
13.845000,3.676050E-1
13.850000,3.600720E-1
13.855000,3.600720E-1
13.860000,3.676050E-1
13.865000,3.550500E-1
13.870000,3.650940E-1
13.875000,3.575610E-1
13.880000,3.676050E-1
13.885000,3.600720E-1
13.890000,3.600720E-1
13.895000,3.625830E-1
13.900000,3.550500E-1
13.905000,4.563477E+0
13.910000,4.548411E+0
13.915000,4.560966E+0
13.920000,4.553433E+0
13.925000,4.555944E+0
13.930000,4.558455E+0
13.935000,4.553433E+0
13.940000,4.555944E+0
13.945000,4.555944E+0
13.950000,4.558455E+0
13.955000,4.555944E+0
13.960000,4.550922E+0
13.965000,4.558455E+0
13.970000,4.553433E+0
13.975000,4.555944E+0
13.980000,4.563477E+0
13.985000,4.553433E+0
13.990000,4.555944E+0
13.995000,4.555944E+0
14.000000,4.553433E+0
14.005000,4.558455E+0
14.010000,4.555944E+0
14.015000,4.553433E+0
14.020000,4.553433E+0
14.025000,4.545900E+0
14.030000,4.555944E+0
14.035000,4.553433E+0
14.040000,4.550922E+0
14.045000,4.560966E+0
14.050000,4.543389E+0
14.055000,4.558455E+0
14.060000,4.553433E+0
14.065000,4.555944E+0
14.070000,4.555944E+0
14.075000,3.600720E-1
14.080000,3.600720E-1
14.085000,3.550500E-1
14.090000,3.676050E-1
14.095000,3.550500E-1
14.100000,3.600720E-1
14.105000,3.600720E-1
14.110000,3.600720E-1
14.115000,3.650940E-1
14.120000,3.550500E-1
14.125000,3.600720E-1
14.130000,3.600720E-1
14.135000,3.550500E-1
14.140000,3.600720E-1
14.145000,3.600720E-1
14.150000,3.550500E-1
14.155000,3.650940E-1
14.160000,3.550500E-1
14.165000,3.676050E-1
14.170000,3.575610E-1
14.175000,3.676050E-1
14.180000,3.575610E-1
14.185000,3.600720E-1
14.190000,3.676050E-1
14.195000,3.550500E-1
14.200000,3.650940E-1
14.205000,3.600720E-1
14.210000,3.600720E-1
14.215000,3.600720E-1
14.220000,3.625830E-1
14.225000,3.600720E-1
14.230000,3.550500E-1
14.235000,3.676050E-1
14.240000,3.600720E-1
14.245000,3.600720E-1
14.250000,3.676050E-1
14.255000,3.600720E-1
14.260000,3.600720E-1
14.265000,3.676050E-1
14.270000,3.550500E-1
14.275000,3.625830E-1
14.280000,3.676050E-1
14.285000,3.600720E-1
14.290000,3.600720E-1
14.295000,3.676050E-1
14.300000,3.600720E-1
14.305000,3.600720E-1
14.310000,3.676050E-1
14.315000,3.550500E-1
14.320000,3.625830E-1
14.325000,3.600720E-1
14.330000,3.575610E-1
14.335000,3.676050E-1
14.340000,3.600720E-1
14.345000,3.550500E-1
14.350000,3.676050E-1
14.355000,3.575610E-1
14.360000,3.650940E-1
14.365000,3.550500E-1
14.370000,3.600720E-1
14.375000,3.600720E-1
14.380000,3.600720E-1
14.385000,3.600720E-1
14.390000,3.650940E-1
14.395000,3.600720E-1
14.400000,3.575610E-1
14.405000,3.650940E-1
14.410000,3.550500E-1
14.415000,3.650940E-1
14.420000,3.575610E-1
14.425000,3.625830E-1
14.430000,3.575610E-1
14.435000,3.600720E-1
14.440000,3.600720E-1
14.445000,3.600720E-1
14.450000,3.701159E-1
14.455000,3.550500E-1
14.460000,3.650940E-1
14.465000,3.600720E-1
14.470000,3.600720E-1
14.475000,3.650940E-1
14.480000,3.575610E-1
14.485000,3.676050E-1
14.490000,3.600720E-1
14.495000,3.550500E-1
14.500000,3.600720E-1
14.505000,3.676050E-1
14.510000,3.550500E-1
14.515000,3.676050E-1
14.520000,3.550500E-1
14.525000,3.676050E-1
14.530000,3.550500E-1
14.535000,3.600720E-1
14.540000,3.600720E-1
14.545000,3.600720E-1
14.550000,3.676050E-1
14.555000,3.600720E-1
14.560000,3.575610E-1
14.565000,3.676050E-1
14.570000,3.600720E-1
14.575000,3.550500E-1
14.580000,3.676050E-1
14.585000,3.600720E-1
14.590000,3.550500E-1
14.595000,3.600720E-1
14.600000,3.600720E-1
14.605000,3.550500E-1
14.610000,3.600720E-1
14.615000,3.600720E-1
14.620000,3.550500E-1
14.625000,3.600720E-1
14.630000,3.600720E-1
14.635000,3.550500E-1
14.640000,3.625830E-1
14.645000,3.650940E-1
14.650000,3.550500E-1
14.655000,3.625830E-1
14.660000,3.676050E-1
14.665000,3.600720E-1
14.670000,3.575610E-1
14.675000,3.676050E-1
14.680000,3.600720E-1
14.685000,3.600720E-1
14.690000,3.650940E-1
14.695000,3.600720E-1
14.700000,3.625830E-1
14.705000,3.676050E-1
14.710000,3.550500E-1
14.715000,3.676050E-1
14.720000,3.550500E-1
14.725000,3.600720E-1
14.730000,3.676050E-1
14.735000,3.550500E-1
14.740000,3.600720E-1
14.745000,3.600720E-1
14.750000,3.575610E-1
14.755000,4.560966E+0
14.760000,4.555944E+0
14.765000,4.553433E+0
14.770000,4.550922E+0
14.775000,4.553433E+0
14.780000,4.558455E+0
14.785000,4.553433E+0
14.790000,4.555944E+0
14.795000,4.558455E+0
14.800000,4.548411E+0
14.805000,4.555944E+0
14.810000,4.553433E+0
14.815000,4.550922E+0
14.820000,4.560966E+0
14.825000,4.553433E+0
14.830000,4.555944E+0
14.835000,4.555944E+0
14.840000,4.548411E+0
14.845000,4.558455E+0
14.850000,4.555944E+0
14.855000,4.555944E+0
14.860000,4.558455E+0
14.865000,4.548411E+0
14.870000,4.555944E+0
14.875000,4.563477E+0
14.880000,4.560966E+0
14.885000,4.550922E+0
14.890000,4.553433E+0
14.895000,4.555944E+0
14.900000,4.560966E+0
14.905000,4.560966E+0
14.910000,4.555944E+0
14.915000,4.553433E+0
14.920000,4.568499E+0
14.925000,3.600720E-1
14.930000,3.575610E-1
14.935000,3.600720E-1
14.940000,3.676050E-1
14.945000,3.600720E-1
14.950000,3.550500E-1
14.955000,3.550500E-1
14.960000,3.550500E-1
14.965000,3.600720E-1
14.970000,3.600720E-1
14.975000,3.575610E-1
14.980000,3.600720E-1
14.985000,3.575610E-1
14.990000,3.550500E-1
14.995000,3.575610E-1
15.000000,3.625830E-1
15.005000,3.600720E-1
15.010000,3.600720E-1
15.015000,3.625830E-1
15.020000,3.600720E-1
15.025000,3.575610E-1
15.030000,3.600720E-1
15.035000,3.600720E-1
15.040000,3.600720E-1
15.045000,3.625830E-1
15.050000,3.550500E-1
15.055000,3.550500E-1
15.060000,3.550500E-1
15.065000,3.575610E-1
15.070000,3.550500E-1
15.075000,3.600720E-1
15.080000,3.550500E-1
15.085000,3.550500E-1
15.090000,3.550500E-1
15.095000,3.550500E-1
15.100000,3.550500E-1
15.105000,3.550500E-1
15.110000,3.550500E-1
15.115000,3.600720E-1
15.120000,3.625830E-1
15.125000,3.676050E-1
15.130000,3.676050E-1
15.135000,3.650940E-1
15.140000,3.650940E-1
15.145000,3.650940E-1
15.150000,3.650940E-1
15.155000,3.701159E-1
15.160000,3.625830E-1
15.165000,3.676050E-1
15.170000,3.600720E-1
15.175000,3.600720E-1
15.180000,3.550500E-1
15.185000,3.550500E-1
15.190000,3.550500E-1
15.195000,3.550500E-1
15.200000,3.600720E-1
15.205000,3.600720E-1
15.210000,3.600720E-1
15.215000,3.575610E-1
15.220000,3.625830E-1
15.225000,3.525390E-1
15.230000,3.575610E-1
15.235000,3.550500E-1
15.240000,3.575610E-1
15.245000,3.600720E-1
15.250000,3.600720E-1
15.255000,3.600720E-1
15.260000,3.650940E-1
15.265000,3.600720E-1
15.270000,3.600720E-1
15.275000,3.600720E-1
15.280000,3.600720E-1
15.285000,3.600720E-1
15.290000,3.676050E-1
15.295000,3.676050E-1
15.300000,3.650940E-1
15.305000,3.676050E-1
15.310000,3.600720E-1
15.315000,3.676050E-1
15.320000,3.650940E-1
15.325000,3.650940E-1
15.330000,3.650940E-1
15.335000,3.600720E-1
15.340000,3.625830E-1
15.345000,3.625830E-1
15.350000,3.600720E-1
15.355000,3.600720E-1
15.360000,3.600720E-1
15.365000,3.650940E-1
15.370000,3.676050E-1
15.375000,3.676050E-1
15.380000,3.676050E-1
15.385000,3.600720E-1
15.390000,3.650940E-1
15.395000,3.650940E-1
15.400000,3.676050E-1
15.405000,3.676050E-1
15.410000,3.676050E-1
15.415000,3.650940E-1
15.420000,3.650940E-1
15.425000,4.553433E+0
15.430000,4.555944E+0
15.435000,4.548411E+0
15.440000,4.550922E+0
15.445000,4.555944E+0
15.450000,4.553433E+0
15.455000,4.555944E+0
15.460000,4.553433E+0
15.465000,4.555944E+0
15.470000,4.553433E+0
15.475000,4.555944E+0
15.480000,4.548411E+0
15.485000,4.545900E+0
15.490000,4.553433E+0
15.495000,4.553433E+0
15.500000,4.555944E+0
15.505000,4.553433E+0
15.510000,4.555944E+0
15.515000,4.558455E+0
15.520000,4.560966E+0
15.525000,4.560966E+0
15.530000,4.563477E+0
15.535000,4.558455E+0
15.540000,4.558455E+0
15.545000,4.560966E+0
15.550000,4.555944E+0
15.555000,4.555944E+0
15.560000,4.555944E+0
15.565000,4.555944E+0
15.570000,4.558455E+0
15.575000,4.555944E+0
15.580000,4.555944E+0
15.585000,4.558455E+0
15.590000,4.568499E+0
15.595000,3.676050E-1
15.600000,3.676050E-1
15.605000,3.650940E-1
15.610000,3.600720E-1
15.615000,3.600720E-1
15.620000,3.600720E-1
15.625000,3.550500E-1
15.630000,3.550500E-1
15.635000,3.600720E-1
15.640000,3.625830E-1
15.645000,3.600720E-1
15.650000,3.625830E-1
15.655000,3.600720E-1
15.660000,3.625830E-1
15.665000,3.600720E-1
15.670000,3.625830E-1
15.675000,3.600720E-1
15.680000,3.625830E-1
15.685000,3.625830E-1
15.690000,3.600720E-1
15.695000,3.600720E-1
15.700000,3.600720E-1
15.705000,3.600720E-1
15.710000,3.550500E-1
15.715000,3.550500E-1
15.720000,3.550500E-1
15.725000,3.550500E-1
15.730000,3.550500E-1
15.735000,3.575610E-1
15.740000,3.550500E-1
15.745000,3.600720E-1
15.750000,3.600720E-1
15.755000,3.600720E-1
15.760000,3.550500E-1
15.765000,3.550500E-1
15.770000,3.550500E-1
15.775000,3.600720E-1
15.780000,3.625830E-1
15.785000,3.600720E-1
15.790000,3.600720E-1
15.795000,3.600720E-1
15.800000,3.625830E-1
15.805000,3.701159E-1
15.810000,3.676050E-1
15.815000,3.676050E-1
15.820000,3.676050E-1
15.825000,3.676050E-1
15.830000,3.600720E-1
15.835000,3.676050E-1
15.840000,3.676050E-1
15.845000,3.600720E-1
15.850000,3.600720E-1
15.855000,3.550500E-1
15.860000,3.550500E-1
15.865000,3.550500E-1
15.870000,3.600720E-1
15.875000,3.600720E-1
15.880000,3.676050E-1
15.885000,3.676050E-1
15.890000,3.676050E-1
15.895000,3.676050E-1
15.900000,3.676050E-1
15.905000,3.600720E-1
15.910000,3.600720E-1
15.915000,3.550500E-1
15.920000,3.550500E-1
15.925000,3.550500E-1
15.930000,3.600720E-1
15.935000,3.600720E-1
15.940000,3.600720E-1
15.945000,3.600720E-1
15.950000,3.676050E-1
15.955000,3.676050E-1
15.960000,3.650940E-1
15.965000,3.600720E-1
15.970000,3.676050E-1
15.975000,3.701159E-1
15.980000,3.676050E-1
15.985000,3.600720E-1
15.990000,3.575610E-1
15.995000,3.600720E-1
16.000000,3.600720E-1
16.005000,3.600720E-1
16.010000,3.600720E-1
16.015000,3.600720E-1
16.020000,3.575610E-1
16.025000,3.550500E-1
16.030000,3.550500E-1
16.035000,3.550500E-1
16.040000,3.600720E-1
16.045000,3.600720E-1
16.050000,3.600720E-1
16.055000,3.676050E-1
16.060000,3.676050E-1
16.065000,3.600720E-1
16.070000,3.575610E-1
16.075000,3.575610E-1
16.080000,3.676050E-1
16.085000,3.600720E-1
16.090000,3.575610E-1
16.095000,3.575610E-1
16.100000,3.676050E-1
16.105000,3.575610E-1
16.110000,3.600720E-1
16.115000,3.676050E-1
16.120000,3.600720E-1
16.125000,3.600720E-1
16.130000,3.625830E-1
16.135000,3.600720E-1
16.140000,3.625830E-1
16.145000,3.550500E-1
16.150000,3.676050E-1
16.155000,3.600720E-1
16.160000,3.600720E-1
16.165000,3.625830E-1
16.170000,3.550500E-1
16.175000,3.676050E-1
16.180000,3.676050E-1
16.185000,3.550500E-1
16.190000,3.600720E-1
16.195000,3.701159E-1
16.200000,3.625830E-1
16.205000,3.550500E-1
16.210000,3.600720E-1
16.215000,3.600720E-1
16.220000,3.676050E-1
16.225000,3.600720E-1
16.230000,3.600720E-1
16.235000,3.525390E-1
16.240000,3.600720E-1
16.245000,3.575610E-1
16.250000,3.676050E-1
16.255000,3.575610E-1
16.260000,3.550500E-1
16.265000,3.550500E-1
16.270000,4.558455E+0
16.275000,4.555944E+0
16.280000,4.560966E+0
16.285000,4.560966E+0
16.290000,4.560966E+0
16.295000,4.555944E+0
16.300000,4.555944E+0
16.305000,4.555944E+0
16.310000,4.553433E+0
16.315000,4.560966E+0
16.320000,4.563477E+0
16.325000,4.553433E+0
16.330000,4.553433E+0
16.335000,4.548411E+0
16.340000,4.548411E+0
16.345000,4.558455E+0
16.350000,4.555944E+0
16.355000,4.558455E+0
16.360000,4.555944E+0
16.365000,4.548411E+0
16.370000,4.548411E+0
16.375000,4.555944E+0
16.380000,4.563477E+0
16.385000,4.555944E+0
16.390000,4.553433E+0
16.395000,4.555944E+0
16.400000,4.548411E+0
16.405000,4.548411E+0
16.410000,4.548411E+0
16.415000,4.553433E+0
16.420000,4.553433E+0
16.425000,4.553433E+0
16.430000,4.560966E+0
16.435000,4.555944E+0
16.440000,3.600720E-1
16.445000,3.550500E-1
16.450000,3.550500E-1
16.455000,3.625830E-1
16.460000,3.600720E-1
16.465000,3.650940E-1
16.470000,3.650940E-1
16.475000,3.575610E-1
16.480000,3.550500E-1
16.485000,3.550500E-1
16.490000,3.600720E-1
16.495000,3.650940E-1
16.500000,3.650940E-1
16.505000,3.600720E-1
16.510000,3.600720E-1
16.515000,3.550500E-1
16.520000,3.550500E-1
16.525000,3.600720E-1
16.530000,3.676050E-1
16.535000,3.676050E-1
16.540000,3.600720E-1
16.545000,3.575610E-1
16.550000,3.550500E-1
16.555000,3.575610E-1
16.560000,3.575610E-1
16.565000,3.525390E-1
16.570000,3.575610E-1
16.575000,3.600720E-1
16.580000,3.600720E-1
16.585000,3.676050E-1
16.590000,3.676050E-1
16.595000,3.600720E-1
16.600000,3.600720E-1
16.605000,3.625830E-1
16.610000,3.600720E-1
16.615000,3.600720E-1
16.620000,3.575610E-1
16.625000,3.575610E-1
16.630000,3.550500E-1
16.635000,3.575610E-1
16.640000,3.600720E-1
16.645000,3.676050E-1
16.650000,3.600720E-1
16.655000,3.600720E-1
16.660000,3.550500E-1
16.665000,3.600720E-1
16.670000,3.600720E-1
16.675000,3.600720E-1
16.680000,3.600720E-1
16.685000,3.600720E-1
16.690000,3.600720E-1
16.695000,3.625830E-1
16.700000,3.600720E-1
16.705000,3.600720E-1
16.710000,3.676050E-1
16.715000,3.650940E-1
16.720000,3.600720E-1
16.725000,3.625830E-1
16.730000,3.600720E-1
16.735000,3.550500E-1
16.740000,3.550500E-1
16.745000,3.575610E-1
16.750000,3.550500E-1
16.755000,3.600720E-1
16.760000,3.676050E-1
16.765000,3.676050E-1
16.770000,3.600720E-1
16.775000,3.600720E-1
16.780000,3.600720E-1
16.785000,3.600720E-1
16.790000,3.600720E-1
16.795000,3.600720E-1
16.800000,3.676050E-1
16.805000,3.600720E-1
16.810000,3.575610E-1
16.815000,3.625830E-1
16.820000,3.600720E-1
16.825000,3.600720E-1
16.830000,3.600720E-1
16.835000,3.600720E-1
16.840000,3.600720E-1
16.845000,3.625830E-1
16.850000,3.625830E-1
16.855000,3.600720E-1
16.860000,3.676050E-1
16.865000,3.650940E-1
16.870000,3.676050E-1
16.875000,3.676050E-1
16.880000,3.676050E-1
16.885000,3.600720E-1
16.890000,3.600720E-1
16.895000,3.550500E-1
16.900000,3.600720E-1
16.905000,3.600720E-1
16.910000,3.676050E-1
16.915000,3.650940E-1
16.920000,3.600720E-1
16.925000,3.550500E-1
16.930000,3.550500E-1
16.935000,3.550500E-1
16.940000,4.553433E+0
16.945000,4.555944E+0
16.950000,4.555944E+0
16.955000,4.548411E+0
16.960000,4.555944E+0
16.965000,4.558455E+0
16.970000,4.560966E+0
16.975000,4.553433E+0
16.980000,4.555944E+0
16.985000,4.555944E+0
16.990000,4.563477E+0
16.995000,4.560966E+0
17.000000,4.555944E+0
17.005000,4.555944E+0
17.010000,4.548411E+0
17.015000,4.548411E+0
17.020000,4.553433E+0
17.025000,4.555944E+0
17.030000,4.558455E+0
17.035000,4.560966E+0
17.040000,4.558455E+0
17.045000,4.558455E+0
17.050000,4.553433E+0
17.055000,4.548411E+0
17.060000,4.553433E+0
17.065000,4.545900E+0
17.070000,4.545900E+0
17.075000,4.545900E+0
17.080000,4.545900E+0
17.085000,4.545900E+0
17.090000,4.548411E+0
17.095000,4.548411E+0
17.100000,4.548411E+0
17.105000,4.548411E+0
17.110000,3.600720E-1
17.115000,3.676050E-1
17.120000,3.625830E-1
17.125000,3.600720E-1
17.130000,3.600720E-1
17.135000,3.550500E-1
17.140000,3.575610E-1
17.145000,3.575610E-1
17.150000,3.600720E-1
17.155000,3.650940E-1
17.160000,3.701159E-1
17.165000,3.650940E-1
17.170000,3.676050E-1
17.175000,3.600720E-1
17.180000,3.650940E-1
17.185000,3.600720E-1
17.190000,3.575610E-1
17.195000,3.600720E-1
17.200000,3.550500E-1
17.205000,3.550500E-1
17.210000,3.550500E-1
17.215000,3.550500E-1
17.220000,3.550500E-1
17.225000,3.550500E-1
17.230000,3.550500E-1
17.235000,3.575610E-1
17.240000,3.550500E-1
17.245000,3.550500E-1
17.250000,3.525390E-1
17.255000,3.550500E-1
17.260000,3.600720E-1
17.265000,3.600720E-1
17.270000,3.600720E-1
17.275000,3.676050E-1
17.280000,3.676050E-1
17.285000,3.676050E-1
17.290000,3.676050E-1
17.295000,3.676050E-1
17.300000,3.676050E-1
17.305000,3.676050E-1
17.310000,3.650940E-1
17.315000,3.650940E-1
17.320000,3.650940E-1
17.325000,3.676050E-1
17.330000,3.650940E-1
17.335000,3.600720E-1
17.340000,3.625830E-1
17.345000,3.550500E-1
17.350000,3.550500E-1
17.355000,3.550500E-1
17.360000,3.575610E-1
17.365000,3.550500E-1
17.370000,3.550500E-1
17.375000,3.575610E-1
17.380000,3.575610E-1
17.385000,3.550500E-1
17.390000,3.550500E-1
17.395000,3.550500E-1
17.400000,3.550500E-1
17.405000,3.550500E-1
17.410000,3.550500E-1
17.415000,3.550500E-1
17.420000,3.550500E-1
17.425000,3.550500E-1
17.430000,3.550500E-1
17.435000,3.625830E-1
17.440000,3.600720E-1
17.445000,3.575610E-1
17.450000,3.600720E-1
17.455000,3.600720E-1
17.460000,3.600720E-1
17.465000,3.550500E-1
17.470000,3.550500E-1
17.475000,3.600720E-1
17.480000,3.600720E-1
17.485000,3.600720E-1
17.490000,3.600720E-1
17.495000,3.676050E-1
17.500000,3.676050E-1
17.505000,3.650940E-1
17.510000,3.650940E-1
17.515000,3.676050E-1
17.520000,3.676050E-1
17.525000,3.676050E-1
17.530000,3.600720E-1
17.535000,3.550500E-1
17.540000,3.550500E-1
17.545000,3.550500E-1
17.550000,3.575610E-1
17.555000,3.550500E-1
17.560000,3.575610E-1
17.565000,3.600720E-1
17.570000,3.575610E-1
17.575000,3.600720E-1
17.580000,3.600720E-1
17.585000,3.650940E-1
17.590000,3.650940E-1
17.595000,3.650940E-1
17.600000,3.600720E-1
17.605000,3.600720E-1
17.610000,3.600720E-1
17.615000,3.550500E-1
17.620000,3.550500E-1
17.625000,3.600720E-1
17.630000,3.625830E-1
17.635000,3.550500E-1
17.640000,3.625830E-1
17.645000,3.600720E-1
17.650000,3.600720E-1
17.655000,3.600720E-1
17.660000,3.575610E-1
17.665000,3.600720E-1
17.670000,3.625830E-1
17.675000,3.600720E-1
17.680000,3.600720E-1
17.685000,3.600720E-1
17.690000,3.600720E-1
17.695000,3.600720E-1
17.700000,3.600720E-1
17.705000,3.600720E-1
17.710000,3.600720E-1
17.715000,3.600720E-1
17.720000,3.600720E-1
17.725000,3.600720E-1
17.730000,3.600720E-1
17.735000,3.550500E-1
17.740000,3.575610E-1
17.745000,3.550500E-1
17.750000,3.550500E-1
17.755000,3.550500E-1
17.760000,3.600720E-1
17.765000,3.550500E-1
17.770000,3.550500E-1
17.775000,3.575610E-1
17.780000,3.575610E-1
17.785000,3.550500E-1
17.790000,4.553433E+0
17.795000,4.553433E+0
17.800000,4.553433E+0
17.805000,4.555944E+0
17.810000,4.555944E+0
17.815000,4.555944E+0
17.820000,4.555944E+0
17.825000,4.555944E+0
17.830000,4.555944E+0
17.835000,4.555944E+0
17.840000,4.555944E+0
17.845000,4.558455E+0
17.850000,4.560966E+0
17.855000,4.558455E+0
17.860000,4.553433E+0
17.865000,4.555944E+0
17.870000,4.560966E+0
17.875000,4.563477E+0
17.880000,4.558455E+0
17.885000,4.560966E+0
17.890000,4.558455E+0
17.895000,4.560966E+0
17.900000,4.558455E+0
17.905000,4.560966E+0
17.910000,4.555944E+0
17.915000,4.555944E+0
17.920000,4.558455E+0
17.925000,4.555944E+0
17.930000,4.555944E+0
17.935000,4.545900E+0
17.940000,4.548411E+0
17.945000,4.548411E+0
17.950000,4.548411E+0
17.955000,4.553433E+0
17.960000,3.550500E-1
17.965000,3.575610E-1
17.970000,3.600720E-1
17.975000,3.600720E-1
17.980000,3.600720E-1
17.985000,3.600720E-1
17.990000,3.600720E-1
17.995000,3.550500E-1
18.000000,3.575610E-1
18.005000,3.600720E-1
18.010000,3.625830E-1
18.015000,3.676050E-1
18.020000,3.600720E-1
18.025000,3.600720E-1
18.030000,3.550500E-1
18.035000,3.600720E-1
18.040000,3.600720E-1
18.045000,3.676050E-1
18.050000,3.650940E-1
18.055000,3.676050E-1
18.060000,3.600720E-1
18.065000,3.575610E-1
18.070000,3.600720E-1
18.075000,3.600720E-1
18.080000,3.600720E-1
18.085000,3.600720E-1
18.090000,3.600720E-1
18.095000,3.575610E-1
18.100000,3.600720E-1
18.105000,3.600720E-1
18.110000,3.550500E-1
18.115000,3.575610E-1
18.120000,3.625830E-1
18.125000,3.600720E-1
18.130000,3.600720E-1
18.135000,3.676050E-1
18.140000,3.650940E-1
18.145000,3.600720E-1
18.150000,3.600720E-1
18.155000,3.625830E-1
18.160000,3.575610E-1
18.165000,3.550500E-1
18.170000,3.550500E-1
18.175000,3.550500E-1
18.180000,3.600720E-1
18.185000,3.600720E-1
18.190000,3.676050E-1
18.195000,3.650940E-1
18.200000,3.650940E-1
18.205000,3.650940E-1
18.210000,3.676050E-1
18.215000,3.600720E-1
18.220000,3.550500E-1
18.225000,3.550500E-1
18.230000,3.550500E-1
18.235000,3.600720E-1
18.240000,3.650940E-1
18.245000,3.650940E-1
18.250000,3.550500E-1
18.255000,3.550500E-1
18.260000,3.625830E-1
18.265000,3.600720E-1
18.270000,3.676050E-1
18.275000,3.650940E-1
18.280000,3.676050E-1
18.285000,3.676050E-1
18.290000,3.600720E-1
18.295000,3.550500E-1
18.300000,3.600720E-1
18.305000,3.600720E-1
18.310000,3.600720E-1
18.315000,3.676050E-1
18.320000,3.600720E-1
18.325000,3.600720E-1
18.330000,3.600720E-1
18.335000,3.575610E-1
18.340000,3.600720E-1
18.345000,3.676050E-1
18.350000,3.676050E-1
18.355000,3.676050E-1
18.360000,3.600720E-1
18.365000,3.676050E-1
18.370000,3.625830E-1
18.375000,3.676050E-1
18.380000,3.676050E-1
18.385000,3.676050E-1
18.390000,3.650940E-1
18.395000,3.676050E-1
18.400000,3.600720E-1
18.405000,3.600720E-1
18.410000,3.600720E-1
18.415000,3.600720E-1
18.420000,3.575610E-1
18.425000,3.550500E-1
18.430000,3.575610E-1
18.435000,3.575610E-1
18.440000,3.550500E-1
18.445000,3.550500E-1
18.450000,3.550500E-1
18.455000,4.555944E+0
18.460000,4.548411E+0
18.465000,4.550922E+0
18.470000,4.553433E+0
18.475000,4.553433E+0
18.480000,4.555944E+0
18.485000,4.555944E+0
18.490000,4.555944E+0
18.495000,4.553433E+0
18.500000,4.555944E+0
18.505000,4.548411E+0
18.510000,4.548411E+0
18.515000,4.545900E+0
18.520000,4.555944E+0
18.525000,4.555944E+0
18.530000,4.553433E+0
18.535000,4.563477E+0
18.540000,4.560966E+0
18.545000,4.560966E+0
18.550000,4.553433E+0
18.555000,4.555944E+0
18.560000,4.558455E+0
18.565000,4.560966E+0
18.570000,4.560966E+0
18.575000,4.560966E+0
18.580000,4.558455E+0
18.585000,4.553433E+0
18.590000,4.553433E+0
18.595000,4.555944E+0
18.600000,4.555944E+0
18.605000,4.550922E+0
18.610000,4.548411E+0
18.615000,4.555944E+0
18.620000,4.560966E+0
18.625000,4.555944E+0
18.630000,3.625830E-1
18.635000,3.676050E-1
18.640000,3.600720E-1
18.645000,3.575610E-1
18.650000,3.600720E-1
18.655000,3.600720E-1
18.660000,3.650940E-1
18.665000,3.625830E-1
18.670000,3.550500E-1
18.675000,3.550500E-1
18.680000,3.575610E-1
18.685000,3.525390E-1
18.690000,3.625830E-1
18.695000,3.600720E-1
18.700000,3.650940E-1
18.705000,3.676050E-1
18.710000,3.676050E-1
18.715000,3.600720E-1
18.720000,3.550500E-1
18.725000,3.550500E-1
18.730000,3.600720E-1
18.735000,3.600720E-1
18.740000,3.676050E-1
18.745000,3.650940E-1
18.750000,3.575610E-1
18.755000,3.575610E-1
18.760000,3.550500E-1
18.765000,3.600720E-1
18.770000,3.600720E-1
18.775000,3.600720E-1
18.780000,3.600720E-1
18.785000,3.600720E-1
18.790000,3.600720E-1
18.795000,3.600720E-1
18.800000,3.600720E-1
18.805000,3.676050E-1
18.810000,3.676050E-1
18.815000,3.575610E-1
18.820000,3.600720E-1
18.825000,3.676050E-1
18.830000,3.676050E-1
18.835000,3.701159E-1
18.840000,3.676050E-1
18.845000,3.676050E-1
18.850000,3.600720E-1
18.855000,3.600720E-1
18.860000,3.600720E-1
18.865000,3.600720E-1
18.870000,3.550500E-1
18.875000,3.550500E-1
18.880000,3.600720E-1
18.885000,3.625830E-1
18.890000,3.625830E-1
18.895000,3.550500E-1
18.900000,3.550500E-1
18.905000,3.550500E-1
18.910000,3.550500E-1
18.915000,3.575610E-1
18.920000,3.600720E-1
18.925000,3.676050E-1
18.930000,3.676050E-1
18.935000,3.676050E-1
18.940000,3.625830E-1
18.945000,3.676050E-1
18.950000,3.676050E-1
18.955000,3.600720E-1
18.960000,3.625830E-1
18.965000,3.600720E-1
18.970000,3.575610E-1
18.975000,3.575610E-1
18.980000,3.575610E-1
18.985000,3.550500E-1
18.990000,3.600720E-1
18.995000,3.600720E-1
19.000000,3.625830E-1
19.005000,3.650940E-1
19.010000,3.600720E-1
19.015000,3.676050E-1
19.020000,3.676050E-1
19.025000,3.676050E-1
19.030000,3.650940E-1
19.035000,3.650940E-1
19.040000,3.676050E-1
19.045000,3.676050E-1
19.050000,3.676050E-1
19.055000,3.650940E-1
19.060000,3.600720E-1
19.065000,3.625830E-1
19.070000,3.600720E-1
19.075000,3.525390E-1
19.080000,3.600720E-1
19.085000,3.550500E-1
19.090000,3.550500E-1
19.095000,3.625830E-1
19.100000,3.600720E-1
19.105000,3.600720E-1
19.110000,3.600720E-1
19.115000,3.600720E-1
19.120000,3.550500E-1
19.125000,3.550500E-1
19.130000,3.600720E-1
19.135000,3.600720E-1
19.140000,3.650940E-1
19.145000,3.676050E-1
19.150000,3.600720E-1
19.155000,3.625830E-1
19.160000,3.550500E-1
19.165000,3.575610E-1
19.170000,3.600720E-1
19.175000,3.600720E-1
19.180000,3.676050E-1
19.185000,3.650940E-1
19.190000,3.600720E-1
19.195000,3.550500E-1
19.200000,3.575610E-1
19.205000,3.600720E-1
19.210000,3.600720E-1
19.215000,3.676050E-1
19.220000,3.676050E-1
19.225000,3.676050E-1
19.230000,3.676050E-1
19.235000,3.676050E-1
19.240000,3.650940E-1
19.245000,3.676050E-1
19.250000,3.650940E-1
19.255000,3.650940E-1
19.260000,3.625830E-1
19.265000,3.600720E-1
19.270000,3.575610E-1
19.275000,3.550500E-1
19.280000,3.600720E-1
19.285000,3.600720E-1
19.290000,3.600720E-1
19.295000,3.625830E-1
19.300000,3.676050E-1
19.305000,4.565988E+0
19.310000,4.560966E+0
19.315000,4.553433E+0
19.320000,4.555944E+0
19.325000,4.555944E+0
19.330000,4.555944E+0
19.335000,4.550922E+0
19.340000,4.560966E+0
19.345000,4.560966E+0
19.350000,4.563477E+0
19.355000,4.558455E+0
19.360000,4.560966E+0
19.365000,4.558455E+0
19.370000,4.560966E+0
19.375000,4.558455E+0
19.380000,4.560966E+0
19.385000,4.555944E+0
19.390000,4.560966E+0
19.395000,4.555944E+0
19.400000,4.555944E+0
19.405000,4.555944E+0
19.410000,4.553433E+0
19.415000,4.550922E+0
19.420000,4.550922E+0
19.425000,4.548411E+0
19.430000,4.550922E+0
19.435000,4.548411E+0
19.440000,4.548411E+0
19.445000,4.548411E+0
19.450000,4.545900E+0
19.455000,4.548411E+0
19.460000,4.553433E+0
19.465000,4.553433E+0
19.470000,4.553433E+0
19.475000,4.558455E+0
19.480000,3.550500E-1
19.485000,3.600720E-1
19.490000,3.600720E-1
19.495000,3.600720E-1
19.500000,3.676050E-1
19.505000,3.600720E-1
19.510000,3.600720E-1
19.515000,3.600720E-1
19.520000,3.600720E-1
19.525000,3.550500E-1
19.530000,3.575610E-1
19.535000,3.575610E-1
19.540000,3.550500E-1
19.545000,3.625830E-1
19.550000,3.600720E-1
19.555000,3.600720E-1
19.560000,3.600720E-1
19.565000,3.625830E-1
19.570000,3.575610E-1
19.575000,3.575610E-1
19.580000,3.625830E-1
19.585000,3.575610E-1
19.590000,3.575610E-1
19.595000,3.625830E-1
19.600000,3.600720E-1
19.605000,3.600720E-1
19.610000,3.600720E-1
19.615000,3.600720E-1
19.620000,3.600720E-1
19.625000,3.600720E-1
19.630000,3.600720E-1
19.635000,3.600720E-1
19.640000,3.600720E-1
19.645000,3.600720E-1
19.650000,3.600720E-1
19.655000,3.676050E-1
19.660000,3.676050E-1
19.665000,3.600720E-1
19.670000,3.625830E-1
19.675000,3.600720E-1
19.680000,3.600720E-1
19.685000,3.600720E-1
19.690000,3.650940E-1
19.695000,3.650940E-1
19.700000,3.676050E-1
19.705000,3.676050E-1
19.710000,3.650940E-1
19.715000,3.600720E-1
19.720000,3.600720E-1
19.725000,3.600720E-1
19.730000,3.575610E-1
19.735000,3.525390E-1
19.740000,3.550500E-1
19.745000,3.550500E-1
19.750000,3.575610E-1
19.755000,3.575610E-1
19.760000,3.600720E-1
19.765000,3.600720E-1
19.770000,3.600720E-1
19.775000,3.625830E-1
19.780000,3.600720E-1
19.785000,3.600720E-1
19.790000,3.600720E-1
19.795000,3.676050E-1
19.800000,3.676050E-1
19.805000,3.676050E-1
19.810000,3.600720E-1
19.815000,3.600720E-1
19.820000,3.600720E-1
19.825000,3.600720E-1
19.830000,3.650940E-1
19.835000,3.676050E-1
19.840000,3.600720E-1
19.845000,3.600720E-1
19.850000,3.600720E-1
19.855000,3.575610E-1
19.860000,3.550500E-1
19.865000,3.550500E-1
19.870000,3.550500E-1
19.875000,3.550500E-1
19.880000,3.600720E-1
19.885000,3.600720E-1
19.890000,3.600720E-1
19.895000,3.650940E-1
19.900000,3.676050E-1
19.905000,3.676050E-1
19.910000,3.600720E-1
19.915000,3.600720E-1
19.920000,3.600720E-1
19.925000,3.550500E-1
19.930000,3.575610E-1
19.935000,3.550500E-1
19.940000,3.550500E-1
19.945000,3.575610E-1
19.950000,3.550500E-1
19.955000,3.600720E-1
19.960000,3.600720E-1
19.965000,3.550500E-1
19.970000,3.550500E-1
19.975000,4.548411E+0
19.980000,4.553433E+0
19.985000,4.558455E+0
19.990000,4.563477E+0
19.995000,4.560966E+0
20.000000,4.560966E+0

